metallicity,element,0.5,1.0,1.3,1.5,1.8,1.9,2.1,2.3,2.5,3.0,3.5,4.0,4.5,5.0,5.5,6.0,6.5,7.0,7.5,8.0,8.5,9.0,13.0,15.0,18.0,20.0,25.0,30.0,40.0,50.0,60.0,70.0,80.0,90.0,100.0
0.0001,He,0.0,0.005318,0.025994999999999997,0.046646,0.08791900000000001,0.10689000000000001,0.1414,0.15789,0.12749000000000002,0.076485,0.12691,0.20337,0.26487,0.34199,0.42286,0.51817,0.8325,0.7512,0.7224,0.7224,0.7224,0.7224,4.0136,4.4008,5.4219,5.9363,8.0268,9.5219,11.892999999999999,15.042,18.192,21.340999999999998,24.491,27.64,30.79
0.0001,Li,0.0,1.08e-10,1.08e-10,1.19e-10,9.7e-11,6.6e-11,-2.4e-11,-6.199999999999999e-11,-6e-11,6.115700000000001e-08,6.153e-09,1.61e-09,1.329e-09,7.23e-10,6.8e-11,-1.04e-10,-5.549e-09,-6.023e-09,-4.987e-09,0.0,0.0,0.0,2.17e-10,2.94e-10,7.3e-11,2.79e-10,5.677e-09,2.36e-08,3.8e-11,1.01e-10,1.64e-10,2.27e-10,2.9000000000000003e-10,3.53e-10,4.16e-10
0.0001,C,0.0,0.00025878,0.0037028,0.01171,0.023388,0.029689999999999998,0.041070999999999996,0.048514999999999996,0.042072000000000005,0.023596000000000002,0.005967,0.005,0.0034415999999999995,0.0026456999999999995,0.0025914,0.0018625999999999998,0.003868,0.003614,0.003097,0.0,0.0,0.0,0.07406599999999999,0.17160999999999998,0.21849000000000002,0.21055,0.29357,0.33746,0.4287,0.5371,0.6455,0.7539,0.8623,0.9707,1.0791
0.0001,C_13,0.0,2.0088e-07,4.8133e-07,8.999599999999998e-07,1.1751e-06,1.4216e-06,1.6379e-06,1.7866e-06,1.121e-05,0.00044029,0.00040612,0.00042528,0.0003519,0.00038494,0.00041769999999999996,0.00038933,0.0008517999999999999,0.0005662000000000001,0.0004973,0.0,0.0,0.0,8.3905e-08,6.2053e-08,2.627e-09,1.1376e-08,1.4655e-08,1.0202e-08,3.215e-09,1.3869e-08,2.4523e-08,3.5176e-08,4.583e-08,5.6484e-08,6.7138e-08
0.0001,N,0.0,4.106e-06,1.9602e-05,4.0573e-05,5.4326e-05,6.3921e-05,7.170399999999999e-05,7.2241e-05,3.8377e-05,8.1023e-05,0.019821000000000002,0.026448000000000003,0.022479,0.022888,0.028426,0.033797,0.09036,0.04478,0.02937,0.0,0.0,0.0,0.0018322,0.0018579999999999998,0.00018913,5.422600000000001e-05,0.00059124,1.6378e-06,5.8923e-07,1.5285e-05,2.998e-05,4.4675e-05,5.937e-05,7.4066e-05,8.8761e-05
0.0001,N_15,0.0,1.44e-10,1.693e-09,2.2949000000000003e-08,3.0015e-08,1.4069e-08,0.0,0.0,0.0,0.0,3.1289e-07,4.8382e-07,4.5838e-07,5.8676e-07,8.694100000000002e-07,2.1831e-06,6.144e-06,6.4229999999999985e-06,7.489e-06,0.0,0.0,0.0,6.3845e-08,6.8632e-08,2.3976e-08,1.1323000000000002e-08,1.1747e-07,1.6749e-08,6.2926e-07,1.5642e-05,3.0656e-05,4.5669e-05,6.0682e-05,7.5695e-05,9.0708e-05
0.0001,O,0.0,1.1637e-05,9.3069e-05,0.00027503,0.0004287,0.00047155,0.00055697,0.00062473,0.00057962,0.00041406,0.00051491,0.00064843,0.00047463,0.00038167,0.00036993,0.00063527,0.001689,0.0009486000000000001,0.001004,0.0,0.0,0.0,0.44963000000000003,0.77272,1.3788,2.1053,2.7910000000000004,4.812,8.382,10.758,13.134,15.509,17.885,20.261,22.636999999999997
0.0001,O_17,0.0,7.2171e-08,7.6392e-08,3.2428000000000004e-07,8.2345e-07,8.457699999999998e-07,6.9615e-07,3.6407e-07,5.2262e-07,1.2847e-06,8.0543e-07,1.186e-06,1.2008e-06,1.4066e-06,1.9258000000000003e-06,3.0072e-06,1.043e-05,6.567000000000002e-06,7.406e-06,0.0,0.0,0.0,1.6944e-06,1.5681e-06,2.7915e-07,6.829900000000001e-08,1.4892e-06,1.8829e-08,1.4219999999999998e-09,7.511e-08,1.488e-07,2.2249e-07,2.9617e-07,3.6986e-07,4.4355e-07
0.0001,O_18,0.0,-4.294e-09,-1.4683e-08,-2.8205e-08,-4.8704e-08,-5.845e-08,-6.8987e-08,-6.9009e-08,-8.196199999999999e-08,-1.4767999999999998e-07,-2.7736e-07,-3.3423e-07,-3.8618e-07,-4.386600000000001e-07,-4.891600000000001e-07,-5.3865e-07,-5.76e-07,-6.231e-07,-6.694e-07,0.0,0.0,0.0,5.7920999999999986e-08,4.8937e-06,4.6303e-06,2.5246e-08,6.745399999999999e-07,2.065e-09,2.1284000000000002e-07,1.8320999999999998e-07,1.5357000000000002e-07,1.2394e-07,9.4303e-08,6.4669e-08,3.5035e-08
0.0001,F,0.0,5.543e-09,1.5589e-07,1.2556e-06,4.8298e-06,7.8963e-06,1.4214e-05,1.867e-05,1.0605e-05,1.7349e-06,4.126700000000001e-07,4.633700000000001e-07,2.0225e-07,6.4996e-08,3.9482e-08,9.031e-09,1.929e-08,-1.199e-09,-9.786e-09,0.0,0.0,0.0,1.17e-10,1.972e-09,7.910000000000001e-09,1.625e-09,1.71e-09,8.939999999999998e-10,2.38e-10,3.9673e-08,7.9109e-08,1.1854e-07,1.5798e-07,1.9741e-07,2.3685e-07
0.0001,Na,0.0,3.2203e-08,2.6405e-07,4.4785e-06,3.6117e-05,6.7498e-05,0.00012859,0.00016241,5.7195e-05,1.4751e-05,1.7465e-05,1.9467e-05,1.2275e-05,1.0469e-05,1.2656e-05,1.2576e-05,3.101e-05,4.581e-06,1.651e-06,0.0,0.0,0.0,0.00014409,0.002447,0.0020781,0.0029023000000000005,0.0010266,0.0014159,0.00018427,0.00098484,0.0017854,0.0025859999999999998,0.0033866,0.0041871,0.004987699999999999
0.0001,Mg,0.0,2.1607e-08,1.7855e-07,2.5319e-06,1.868e-05,4.0405e-05,0.00015119,0.00022528,0.0003141,0.00014336,0.00013354,0.00017504,0.00011619,0.00012969999999999998,0.00023151,0.00034512,0.0026145,0.00068543,0.00032336,0.0,0.0,0.0,0.086424,0.06890800000000001,0.15836,0.15061,0.11980999999999999,0.22685,0.47841999999999996,0.6826300000000001,0.88685,1.0911,1.2953,1.4995,1.7037
0.0001,Al,0.0,3.227e-09,1.7787e-08,2.9657e-08,9.5793e-08,2.3081e-07,1.0512e-06,1.9135e-06,3.2749e-06,1.6322999999999996e-06,2.0024e-06,2.6807e-06,1.9696e-06,2.6228e-06,6.6348e-06,1.7699e-05,0.00023940000000000002,7.341e-05,2.677e-05,0.0,0.0,0.0,0.0037764000000000005,0.0013693,0.0031421,0.0013667,0.00080797,0.0026265999999999998,0.014684000000000001,0.017190999999999998,0.019697,0.022203,0.02471,0.027216000000000004,0.029723000000000003
0.0001,Si,0.0,0.0,0.0,0.0,0.0,0.0,0.0,0.0,0.0,0.0,0.0,0.0,0.0,0.0,0.0,0.0,0.0,0.0,0.0,0.0,0.0,0.0,0.082552,0.073629,0.11699000000000001,0.09967100000000001,0.35120999999999997,0.24874000000000002,1.0315,1.3036,1.5756,1.8477,2.1198,2.3918,2.6639
0.0001,S,0.0,0.0,0.0,0.0,0.0,0.0,0.0,0.0,0.0,0.0,0.0,0.0,0.0,0.0,0.0,0.0,0.0,0.0,0.0,0.0,0.0,0.0,0.024037,0.032313999999999996,0.041042,0.053811000000000005,0.1857,0.11590999999999999,0.37504,0.52353,0.67203,0.82052,0.96901,1.1175,1.266
0.0001,K,0.0,0.0,0.0,0.0,0.0,0.0,0.0,0.0,0.0,0.0,0.0,0.0,0.0,0.0,0.0,0.0,0.0,0.0,0.0,0.0,0.0,0.0,5.3768e-06,8.6696e-06,2.1013e-05,5.3524e-05,8.3773e-05,1.6435e-05,0.00014566,0.00016554,0.00018543,0.00020531,0.00022519,0.00024508,0.00026496
0.0001,Ca,0.0,0.0,0.0,0.0,0.0,0.0,0.0,0.0,0.0,0.0,0.0,0.0,0.0,0.0,0.0,0.0,0.0,0.0,0.0,0.0,0.0,0.0,0.0029359,0.0044322,0.004414100000000001,0.0062447,0.024815,0.017362,0.037337,0.055923,0.074508,0.093093,0.11168,0.13026,0.14885
0.0001,Sc,0.0,0.0,0.0,0.0,0.0,0.0,0.0,0.0,0.0,0.0,0.0,0.0,0.0,0.0,0.0,0.0,0.0,0.0,0.0,0.0,0.0,0.0,2.1194e-08,4.0312e-08,5.5388e-08,2.5532e-07,6.1634e-07,1.5101e-07,5.8135e-07,7.2108e-07,8.608e-07,1.0005e-06,1.1402e-06,1.28e-06,1.4197e-06
0.0001,Ti,0.0,0.0,0.0,0.0,0.0,0.0,0.0,0.0,0.0,0.0,0.0,0.0,0.0,0.0,0.0,0.0,0.0,0.0,0.0,0.0,0.0,0.0,8.0694e-05,9.3763e-05,8.8889e-05,0.00010273,0.00016565,0.00018991,0.00026786,0.00029163,0.00031541,0.00033919,0.00036296,0.00038673,0.00041051
0.0001,V,0.0,0.0,0.0,0.0,0.0,0.0,0.0,0.0,0.0,0.0,0.0,0.0,0.0,0.0,0.0,0.0,0.0,0.0,0.0,0.0,0.0,0.0,1.6543e-05,1.0812e-05,1.2355999999999997e-05,1.1027e-05,9.0135e-06,1.0585999999999997e-05,1.7579000000000002e-05,1.9841e-05,2.2103e-05,2.4365e-05,2.6626e-05,2.8888e-05,3.115e-05
0.0001,Cr,0.0,0.0,0.0,0.0,0.0,0.0,0.0,0.0,0.0,0.0,0.0,0.0,0.0,0.0,0.0,0.0,0.0,0.0,0.0,0.0,0.0,0.0,0.00093969,0.0011682,0.0012189,0.0014678,0.002967,0.0033411,0.0043871000000000005,0.0045572,0.0047273,0.0048974,0.0050675,0.0052376,0.0054077
0.0001,Mn,0.0,0.0,0.0,0.0,0.0,0.0,0.0,0.0,0.0,0.0,0.0,0.0,0.0,0.0,0.0,0.0,0.0,0.0,0.0,0.0,0.0,0.0,0.00013285,0.00018547,0.00017391,0.00022569,0.00043031,0.00051575,0.00071501,0.00083047,0.00094594,0.0010614,0.0011769,0.0012923,0.0014077999999999999
0.0001,Fe,0.0,0.0,0.0,0.0,0.0,0.0,0.0,0.0,0.0,0.0,0.0,0.0,0.0,0.0,0.0,0.0,0.0,0.0,0.0,0.0,0.0,0.0,0.071727,0.072373,0.072287,0.072292,0.073798,0.074577,0.080001,0.083969,0.087937,0.091905,0.095874,0.099842,0.10380999999999999
0.0001,Co,0.0,0.0,0.0,0.0,0.0,0.0,0.0,0.0,0.0,0.0,0.0,0.0,0.0,0.0,0.0,0.0,0.0,0.0,0.0,0.0,0.0,0.0,0.00017563,0.00013195,0.00016102,0.00014955,1.5657999999999998e-05,2.4730000000000003e-06,1.8748e-06,2.0709e-06,2.2669e-06,2.463e-06,2.6591e-06,2.8551e-06,3.0512e-06
0.0001,Ni,0.0,0.0,0.0,0.0,0.0,0.0,0.0,0.0,0.0,0.0,0.0,0.0,0.0,0.0,0.0,0.0,0.0,0.0,0.0,0.0,0.0,0.0,0.0025654,0.0020759,0.0019882999999999997,0.0017434000000000002,0.00044209,0.00038602,0.00057815,0.00089884,0.0012195,0.0015402,0.0018609000000000002,0.0021815999999999997,0.0025023000000000003
0.0001,Cu,0.0,0.0,0.0,0.0,0.0,0.0,0.0,0.0,0.0,0.0,0.0,0.0,0.0,0.0,0.0,0.0,0.0,0.0,0.0,0.0,0.0,0.0,5.1024000000000005e-06,3.7844e-06,4.0785e-06,3.5797e-06,1.3100999999999998e-07,2.38e-10,2.1e-11,1.9e-11,1.8e-11,1.6e-11,1.5e-11,1.3e-11,1.2e-11
0.0001,Zn,0.0,0.0,0.0,0.0,0.0,0.0,0.0,0.0,0.0,0.0,0.0,0.0,0.0,0.0,0.0,0.0,0.0,0.0,0.0,0.0,0.0,0.0,0.00012573,0.00012273,9.5585e-05,8.339799999999999e-05,2.5601e-06,3.08e-10,4.4e-11,4e-11,3.6e-11,3.1e-11,2.7e-11,2.3e-11,1.9e-11
0.0001,rem,0.5,0.72,0.6679999999999999,0.6609999999999999,0.664,0.6809999999999999,0.6962,0.713,0.732,0.813,0.8540000000000001,0.8740000000000001,0.897,0.929,0.966,1.008,1.1,1.17,1.23,1.31,1.31,1.31,1.57,1.48,1.65,1.66,1.92,2.07,2.89,4.1467,5.4033,6.66,7.9167,9.1733,10.43
0.001,He,0.0,0.005318,0.025994999999999997,0.046646,0.08791900000000001,0.10689000000000001,0.1414,0.15789,0.12749000000000002,0.076485,0.12691,0.20337,0.26487,0.34199,0.42286,0.51817,0.5991,0.6148,0.6626,0.6626,0.6626,0.6626,3.8551,5.159,6.5387,5.9393,6.9738,8.3787,10.853,10.853,10.853,10.853,10.853,10.853,10.853
0.001,Li,0.0,1.08e-10,1.08e-10,1.19e-10,9.7e-11,6.6e-11,-2.4e-11,-6.199999999999999e-11,-6e-11,6.115700000000001e-08,6.153e-09,1.61e-09,1.329e-09,7.23e-10,6.8e-11,-1.04e-10,-5.638e-09,-5.928e-09,4.364e-08,0.0,0.0,0.0,6.34e-10,0.0,1e-12,8.5e-11,1e-12,1e-12,7e-12,7e-12,7e-12,7e-12,7e-12,7e-12,7e-12
0.001,C,0.0,0.00025878,0.0037028,0.01171,0.023388,0.029689999999999998,0.041070999999999996,0.048514999999999996,0.042072000000000005,0.023596000000000002,0.005967,0.005,0.0034415999999999995,0.0026456999999999995,0.0025914,0.0018625999999999998,0.004472,0.0026829999999999996,0.003003,0.0,0.0,0.0,0.10722000000000001,0.084961,0.12947,0.12815,0.21518,0.12050999999999999,0.073666,0.073666,0.073666,0.073666,0.073666,0.073666,0.073666
0.001,C_13,0.0,2.0088e-07,4.8133e-07,8.999599999999998e-07,1.1751e-06,1.4216e-06,1.6379e-06,1.7866e-06,1.121e-05,0.00044029,0.00040612,0.00042528,0.0003519,0.00038494,0.00041769999999999996,0.00038933,0.000407,0.0003179,0.000377,0.0,0.0,0.0,0.00016735,5.378e-05,7.1972e-05,1.9596e-05,9.814e-05,8.198e-05,0.00028161,0.00028161,0.00028161,0.00028161,0.00028161,0.00028161,0.00028161
0.001,N,0.0,4.106e-06,1.9602e-05,4.0573e-05,5.4326e-05,6.3921e-05,7.170399999999999e-05,7.2241e-05,3.8377e-05,8.1023e-05,0.019821000000000002,0.026448000000000003,0.022479,0.022888,0.028426,0.033797,0.02683,0.0146,0.018580000000000003,0.0,0.0,0.0,0.0090697,0.0035754,0.0044698,0.012859,0.0091979,0.0061925,0.008687700000000001,0.008687700000000001,0.008687700000000001,0.008687700000000001,0.008687700000000001,0.008687700000000001,0.008687700000000001
0.001,N_15,0.0,1.44e-10,1.693e-09,2.2949000000000003e-08,3.0015e-08,1.4069e-08,0.0,0.0,0.0,0.0,3.1289e-07,4.8382e-07,4.5838e-07,5.8676e-07,8.694100000000002e-07,2.1831e-06,2.843e-07,1.101e-07,1.457e-06,0.0,0.0,0.0,7.5675e-06,8.5921e-07,9.2062e-07,1.3672e-06,7.2367e-06,3.7879e-07,2.445e-06,2.445e-06,2.445e-06,2.445e-06,2.445e-06,2.445e-06,2.445e-06
0.001,O,0.0,1.1637e-05,9.3069e-05,0.00027503,0.0004287,0.00047155,0.00055697,0.00062473,0.00057962,0.00041406,0.00051491,0.00064843,0.00047463,0.00038167,0.00036993,0.00063527,-0.001719,-0.001952,0.00022909999999999999,0.0,0.0,0.0,0.50443,0.29364,0.42213,2.1827,3.8181,5.3282,8.3728,8.3728,8.3728,8.3728,8.3728,8.3728,8.3728
0.001,O_17,0.0,7.2171e-08,7.6392e-08,3.2428000000000004e-07,8.2345e-07,8.457699999999998e-07,6.9615e-07,3.6407e-07,5.2262e-07,1.2847e-06,8.0543e-07,1.186e-06,1.2008e-06,1.4066e-06,1.9258000000000003e-06,3.0072e-06,2.966e-06,3.963e-06,1.973e-05,0.0,0.0,0.0,6.963600000000001e-05,2.5566e-05,2.4203e-05,2.1769e-05,2.7866e-05,4.8699e-05,2.8616e-05,2.8616e-05,2.8616e-05,2.8616e-05,2.8616e-05,2.8616e-05,2.8616e-05
0.001,O_18,0.0,-4.294e-09,-1.4683e-08,-2.8205e-08,-4.8704e-08,-5.845e-08,-6.8987e-08,-6.9009e-08,-8.196199999999999e-08,-1.4767999999999998e-07,-2.7736e-07,-3.3423e-07,-3.8618e-07,-4.386600000000001e-07,-4.891600000000001e-07,-5.3865e-07,-5.7929999999999986e-06,-6.247000000000001e-06,-6.68e-06,0.0,0.0,0.0,0.0018065000000000002,0.00036625,0.00030594,8.0941e-06,7.0493e-05,2.6938e-05,2.6268000000000007e-05,2.6268000000000007e-05,2.6268000000000007e-05,2.6268000000000007e-05,2.6268000000000007e-05,2.6268000000000007e-05,2.6268000000000007e-05
0.001,F,0.0,5.543e-09,1.5589e-07,1.2556e-06,4.8298e-06,7.8963e-06,1.4214e-05,1.867e-05,1.0605e-05,1.7349e-06,4.126700000000001e-07,4.633700000000001e-07,2.0225e-07,6.4996e-08,3.9482e-08,9.031e-09,-6.667e-08,-1.226e-07,-1.529e-07,0.0,0.0,0.0,3.0710000000000008e-06,1.9766e-07,3.3229e-07,2.8049e-06,6.1243e-07,2.3862e-06,4.4733999999999985e-06,4.4733999999999985e-06,4.4733999999999985e-06,4.4733999999999985e-06,4.4733999999999985e-06,4.4733999999999985e-06,4.4733999999999985e-06
0.001,Na,0.0,3.2203e-08,2.6405e-07,4.4785e-06,3.6117e-05,6.7498e-05,0.00012859,0.00016241,5.7195e-05,1.4751e-05,1.7465e-05,1.9467e-05,1.2275e-05,1.0469e-05,1.2656e-05,1.2576e-05,-4.214e-06,-8.365e-06,3.327e-07,0.0,0.0,0.0,0.00054122,0.0019554999999999998,0.0020861,0.0018058,0.0080858,0.0068595,0.00090012,0.00090012,0.00090012,0.00090012,0.00090012,0.00090012,0.00090012
0.001,Mg,0.0,2.1607e-08,1.7855e-07,2.5319e-06,1.868e-05,4.0405e-05,0.00015119,0.00022528,0.0003141,0.00014336,0.00013354,0.00017504,0.00011619,0.00012969999999999998,0.00023151,0.00034512,0.00031273,0.00014196,0.00020699,0.0,0.0,0.0,0.065844,0.065723,0.061211,0.2471,0.18229,0.29378000000000004,0.7077,0.7077,0.7077,0.7077,0.7077,0.7077,0.7077
0.001,Al,0.0,3.227e-09,1.7787e-08,2.9657e-08,9.5793e-08,2.3081e-07,1.0512e-06,1.9135e-06,3.2749e-06,1.6322999999999996e-06,2.0024e-06,2.6807e-06,1.9696e-06,2.6228e-06,6.6348e-06,1.7699e-05,3.372e-05,2.099e-05,1.174e-05,0.0,0.0,0.0,0.0035675,0.0023484,0.0023071999999999997,0.0069768,0.0050466,0.0087276,0.030107,0.030107,0.030107,0.030107,0.030107,0.030107,0.030107
0.001,Si,0.0,0.0,0.0,0.0,0.0,0.0,0.0,0.0,0.0,0.0,0.0,0.0,0.0,0.0,0.0,0.0,0.0,0.0,0.0,0.0,0.0,0.0,0.093171,0.043672,0.15439,0.13,0.12074000000000001,0.16645,0.89756,0.89756,0.89756,0.89756,0.89756,0.89756,0.89756
0.001,S,0.0,0.0,0.0,0.0,0.0,0.0,0.0,0.0,0.0,0.0,0.0,0.0,0.0,0.0,0.0,0.0,0.0,0.0,0.0,0.0,0.0,0.0,0.038138,0.016679,0.07976,0.056588,0.05538099999999999,0.078548,0.33152,0.33152,0.33152,0.33152,0.33152,0.33152,0.33152
0.001,K,0.0,0.0,0.0,0.0,0.0,0.0,0.0,0.0,0.0,0.0,0.0,0.0,0.0,0.0,0.0,0.0,0.0,0.0,0.0,0.0,0.0,0.0,2.7502e-05,4.4612e-06,6.7897e-05,1.5957e-05,1.748e-05,2.7698e-05,0.00012665,0.00012665,0.00012665,0.00012665,0.00012665,0.00012665,0.00012665
0.001,Ca,0.0,0.0,0.0,0.0,0.0,0.0,0.0,0.0,0.0,0.0,0.0,0.0,0.0,0.0,0.0,0.0,0.0,0.0,0.0,0.0,0.0,0.0,0.004761100000000001,0.0017469,0.0080935,0.009208299999999999,0.007948,0.01175,0.036637,0.036637,0.036637,0.036637,0.036637,0.036637,0.036637
0.001,Sc,0.0,0.0,0.0,0.0,0.0,0.0,0.0,0.0,0.0,0.0,0.0,0.0,0.0,0.0,0.0,0.0,0.0,0.0,0.0,0.0,0.0,0.0,2.5212e-07,5.0827e-08,3.5452e-07,2.1587e-07,3.2358000000000004e-07,4.224100000000001e-07,9.919e-07,9.919e-07,9.919e-07,9.919e-07,9.919e-07,9.919e-07,9.919e-07
0.001,Ti,0.0,0.0,0.0,0.0,0.0,0.0,0.0,0.0,0.0,0.0,0.0,0.0,0.0,0.0,0.0,0.0,0.0,0.0,0.0,0.0,0.0,0.0,0.00010777,7.9131e-05,0.00011072,0.00014574,0.00012497,0.00017879,0.00027894,0.00027894,0.00027894,0.00027894,0.00027894,0.00027894,0.00027894
0.001,V,0.0,0.0,0.0,0.0,0.0,0.0,0.0,0.0,0.0,0.0,0.0,0.0,0.0,0.0,0.0,0.0,0.0,0.0,0.0,0.0,0.0,0.0,8.9649e-06,1.6158e-05,7.5652999999999985e-06,8.2384e-06,7.5299e-06,9.9667e-06,1.9462e-05,1.9462e-05,1.9462e-05,1.9462e-05,1.9462e-05,1.9462e-05,1.9462e-05
0.001,Cr,0.0,0.0,0.0,0.0,0.0,0.0,0.0,0.0,0.0,0.0,0.0,0.0,0.0,0.0,0.0,0.0,0.0,0.0,0.0,0.0,0.0,0.0,0.0013014,0.00034521,0.00164,0.0023838,0.0023245,0.0031361,0.0043345,0.0043345,0.0043345,0.0043345,0.0043345,0.0043345,0.0043345
0.001,Mn,0.0,0.0,0.0,0.0,0.0,0.0,0.0,0.0,0.0,0.0,0.0,0.0,0.0,0.0,0.0,0.0,0.0,0.0,0.0,0.0,0.0,0.0,0.00022703,8.0053e-05,0.00028117,0.0003798,0.00029856,0.00050068,0.00078619,0.00078619,0.00078619,0.00078619,0.00078619,0.00078619,0.00078619
0.001,Fe,0.0,0.0,0.0,0.0,0.0,0.0,0.0,0.0,0.0,0.0,0.0,0.0,0.0,0.0,0.0,0.0,0.0,0.0,0.0,0.0,0.0,0.0,0.075583,0.073254,0.074408,0.074049,0.07392699999999999,0.07521599999999999,0.08263,0.08263,0.08263,0.08263,0.08263,0.08263,0.08263
0.001,Co,0.0,0.0,0.0,0.0,0.0,0.0,0.0,0.0,0.0,0.0,0.0,0.0,0.0,0.0,0.0,0.0,0.0,0.0,0.0,0.0,0.0,0.0,8.9124e-05,0.00023157,6.2956e-05,6.2074e-05,3.4227e-05,5.385800000000001e-05,4.4209e-05,4.4209e-05,4.4209e-05,4.4209e-05,4.4209e-05,4.4209e-05,4.4209e-05
0.001,Ni,0.0,0.0,0.0,0.0,0.0,0.0,0.0,0.0,0.0,0.0,0.0,0.0,0.0,0.0,0.0,0.0,0.0,0.0,0.0,0.0,0.0,0.0,0.0022981,0.0037384999999999996,0.0032754,0.00071093,0.00041289,0.00070997,0.0010567,0.0010567,0.0010567,0.0010567,0.0010567,0.0010567,0.0010567
0.001,Cu,0.0,0.0,0.0,0.0,0.0,0.0,0.0,0.0,0.0,0.0,0.0,0.0,0.0,0.0,0.0,0.0,0.0,0.0,0.0,0.0,0.0,0.0,1.2903e-05,6.354e-06,3.921e-06,1.7698e-05,2.9321e-05,4.1994e-05,4.3037e-05,4.3037e-05,4.3037e-05,4.3037e-05,4.3037e-05,4.3037e-05,4.3037e-05
0.001,Zn,0.0,0.0,0.0,0.0,0.0,0.0,0.0,0.0,0.0,0.0,0.0,0.0,0.0,0.0,0.0,0.0,0.0,0.0,0.0,0.0,0.0,0.0,8.957e-05,6.9656e-05,6.1924e-05,3.4855e-05,5.079e-05,8.4675e-05,0.00011128,0.00011128,0.00011128,0.00011128,0.00011128,0.00011128,0.00011128
0.001,rem,0.5,0.72,0.6679999999999999,0.6609999999999999,0.664,0.6809999999999999,0.6962,0.713,0.732,0.813,0.8540000000000001,0.8740000000000001,0.897,0.929,0.966,1.008,1.07,1.14,1.21,1.31,1.31,1.31,1.65,1.53,1.7,1.85,1.91,2.06,3.17,3.17,3.17,3.17,3.17,3.17,3.17
0.004,He,0.0,0.008012100000000001,0.014419999999999999,0.01948,0.031679,0.039616000000000005,0.041257,0.074465,0.11150999999999998,0.11744,0.069087,0.12957,0.21593,0.35933000000000004,0.38016,0.50312,0.5272,0.5719,0.6145,0.6685,0.6685,4.0352,4.9483,5.0555,7.0339,8.4773,7.9202,8.116,8.116,8.116,8.116,8.116,8.116,8.116,0.6685
0.004,Li,0.0,-2.34e-10,-5.02e-10,-9.74e-10,-1.333e-09,-1.608e-09,-1.915e-09,-2.106e-09,-2.808e-09,-4.202e-09,1.5819e-08,7.475e-09,-5.872e-09,-7.612e-09,-8.447e-09,-9.347e-09,-1.163e-08,-1.217e-08,1.249e-08,1.234e-07,0.0,0.0,0.0,4.9e-11,2e-12,0.0,1e-12,5.0000000000000005e-12,5.0000000000000005e-12,5.0000000000000005e-12,5.0000000000000005e-12,5.0000000000000005e-12,5.0000000000000005e-12,5.0000000000000005e-12,0.0
0.004,C,0.0,-4.3033e-05,1.7985e-05,0.0017035,0.005278199999999999,0.0086435,0.011549,0.022866,0.033783,0.037806,0.022848,0.0073392,0.0032271,0.0026620000000000003,0.0026022,0.0012989000000000002,0.003297,0.001847,0.002076,0.002264,0.0,0.08783200000000001,0.088091,0.15804,0.0974,0.1323,0.18153,0.45833,0.45833,0.45833,0.45833,0.45833,0.45833,0.45833,0.0
0.004,C_13,0.0,4.3886e-06,6.595e-06,1.0048e-05,1.0728e-05,1.1818e-05,1.3583e-05,1.2898e-05,1.4266e-05,1.9892e-05,0.00034365,0.0016829999999999998,0.00065773,0.00071613,0.00067895,0.00064443,0.0004828,0.0003528,0.0003742,0.0004544,0.0,0.00018836,0.00020921,0.00060272,0.00029196,0.00038245,0.00033907,0.00036769,0.00036769,0.00036769,0.00036769,0.00036769,0.00036769,0.00036769,0.0
0.004,N,0.0,4.975e-05,0.00011964,0.00020406,0.0003066,0.00035763,0.00036481,0.00045075,0.00058337,0.00071514,0.0010835999999999999,0.023045,0.045124,0.06490399999999999,0.047760000000000004,0.052871,0.02891,0.0198,0.017730000000000003,0.02426,0.0,0.0,0.0090801,0.012941999999999999,0.014215,0.018425,0.031484,0.020047,0.025952999999999997,0.025952999999999997,0.025952999999999997,0.025952999999999997,0.025952999999999997,0.025952999999999997,0.025952999999999997
0.004,N_15,0.0,0.0,0.0,0.0,0.0,0.0,0.0,0.0,0.0,0.0,0.0,0.0,0.0,0.0,0.0,0.0,-3.59e-06,-4.04e-06,-3.941e-06,-2.181e-06,0.0,6.838200000000002e-06,8.6986e-06,5.6164e-05,2.7834e-05,9.5265e-05,4.9812e-06,5.0057e-06,5.0057e-06,5.0057e-06,5.0057e-06,5.0057e-06,5.0057e-06,5.0057e-06,0.0
0.004,O,0.0,-4.9506e-06,-4.3489e-06,2.7869e-05,0.00010088,0.00012941,0.00014673,0.00017666,7.2568e-05,-7.8427e-06,9.2748e-05,2.0113e-05,-0.00087892,-0.0027454000000000003,-0.0031915,-0.0058275,-0.005069,-0.0048119999999999994,-0.0043289999999999995,-0.001891,0.0,0.38532,0.29224,1.5461,0.99359,2.2006,4.7883,7.9612,7.9612,7.9612,7.9612,7.9612,7.9612,7.9612,0.0
0.004,O_17,0.0,3.4189e-07,6.666500000000001e-07,1.794e-06,7.3289e-06,1.2026e-05,1.0446e-05,1.8055e-05,1.5317e-05,1.7088e-05,1.0548e-05,6.5037e-06,9.5905e-06,9.3489e-06,1.1741e-05,9.1775e-06,1.7899999999999998e-05,2.934e-05,4.388e-05,6.643e-05,0.0,8.7529e-05,8.6606e-05,0.00010444,0.00010382,0.00011204,0.00012012,0.00015866,0.00015866,0.00015866,0.00015866,0.00015866,0.00015866,0.00015866,0.0
0.004,O_18,0.0,-1.5011e-07,-4.7831e-07,-8.934100000000001e-07,-1.4506e-06,-1.7796e-06,-2.1284e-06,-2.4359e-06,-3.069100000000001e-06,-3.8952e-06,-1.0102e-05,-1.3544e-05,-1.561e-05,-1.7636e-05,-1.9662e-05,-2.1642e-05,-2.325e-05,-2.512e-05,-2.682e-05,-2.791e-05,0.0,0.0019507,0.000968,0.00011442,0.00128,0.00084764,4.3477e-05,0.00083695,0.00083695,0.00083695,0.00083695,0.00083695,0.00083695,0.00083695,0.0
0.004,F,0.0,-2.9000000000000003e-10,1.962e-09,4.843e-08,2.3712e-07,5.9617e-07,1.0361e-06,4.0277e-06,8.7335e-06,1.1318e-05,3.0721e-06,2.1534e-06,5.4256e-07,2.2593000000000004e-07,7.747999999999999e-08,-2.3378e-07,-2.07e-07,-4.325e-07,-5.895e-07,-6.017e-07,0.0,1.977e-06,2.1339e-06,1.3849e-05,5.361799999999998e-06,8.501e-05,1.158e-05,1.0409e-06,1.0409e-06,1.0409e-06,1.0409e-06,1.0409e-06,1.0409e-06,1.0409e-06,0.0
0.004,Na,0.0,1.8413e-07,3.7806999999999994e-07,1.4316e-06,3.9035e-06,6.2525e-06,7.9916e-06,2.7758e-05,6.4845e-05,4.4655e-05,1.8266e-05,2.691e-05,4.5625e-05,7.4906e-05,4.6405e-05,1.481e-05,1.3800000000000002e-05,8.316e-06,4.38e-06,2.136e-05,0.0,0.0014977,0.00081892,0.00043445,0.0040688,0.0062494,0.014081999999999999,0.026076,0.026076,0.026076,0.026076,0.026076,0.026076,0.026076,0.0
0.004,Mg,0.0,-4.22e-10,-9.177e-09,-3.8046e-08,1.2742e-07,6.7131e-07,7.5821000000000015e-06,1.3969e-05,4.5808e-05,0.00015153,0.00013879,0.00024418,0.00042835,0.00087236,0.00047895,0.0006096,0.00041929,0.00026648,0.00031321,0.00032433,0.0,0.046429000000000005,0.078444,0.11634000000000001,0.10062,0.2456,0.23231999999999997,0.40433,0.40433,0.40433,0.40433,0.40433,0.40433,0.40433,0.0
0.004,Al,0.0,1.758e-09,2.9972e-08,1.8694e-07,4.5811000000000007e-07,7.2347e-07,9.9861e-07,1.6611e-06,2.5015e-06,6.0064e-06,7.9837e-06,7.7783e-06,1.2195e-05,2.0441e-05,1.1091e-05,2.5919e-05,1.491e-05,1.193e-05,1.274e-05,1.119e-05,0.0,0.0022064,0.0033061999999999996,0.0052231000000000005,0.0051332,0.011231,0.01685,0.030399000000000002,0.030399000000000002,0.030399000000000002,0.030399000000000002,0.030399000000000002,0.030399000000000002,0.030399000000000002,0.0
0.004,Si,0.0,0.0,0.0,0.0,0.0,0.0,0.0,0.0,0.0,0.0,0.0,0.0,0.0,0.0,0.0,0.0,0.0,0.0,0.0,0.0,0.0,0.062251999999999995,0.10528,0.21983000000000003,0.12663,0.12208,0.40336,0.53415,0.53415,0.53415,0.53415,0.53415,0.53415,0.53415,0.0
0.004,S,0.0,0.0,0.0,0.0,0.0,0.0,0.0,0.0,0.0,0.0,0.0,0.0,0.0,0.0,0.0,0.0,0.0,0.0,0.0,0.0,0.0,0.027275,0.035529000000000005,0.1192,0.052587,0.035655,0.19212,0.22862,0.22862,0.22862,0.22862,0.22862,0.22862,0.22862,0.0
0.004,K,0.0,0.0,0.0,0.0,0.0,0.0,0.0,0.0,0.0,0.0,0.0,0.0,0.0,0.0,0.0,0.0,0.0,0.0,0.0,0.0,0.0,1.9694e-05,3.4462e-05,4.6935e-05,3.4363e-05,2.9818e-05,0.00011539,0.00011289,0.00011289,0.00011289,0.00011289,0.00011289,0.00011289,0.00011289,0.0
0.004,Ca,0.0,0.0,0.0,0.0,0.0,0.0,0.0,0.0,0.0,0.0,0.0,0.0,0.0,0.0,0.0,0.0,0.0,0.0,0.0,0.0,0.0,0.003939,0.003114,0.020018,0.0065247,0.003804,0.02592,0.028306,0.028306,0.028306,0.028306,0.028306,0.028306,0.028306,0.0
0.004,Sc,0.0,0.0,0.0,0.0,0.0,0.0,0.0,0.0,0.0,0.0,0.0,0.0,0.0,0.0,0.0,0.0,0.0,0.0,0.0,0.0,0.0,2.1635000000000005e-07,2.4785e-07,4.3806000000000005e-07,3.6083e-07,5.3006e-07,1.0941e-06,1.6409e-06,1.6409e-06,1.6409e-06,1.6409e-06,1.6409e-06,1.6409e-06,1.6409e-06,0.0
0.004,Ti,0.0,0.0,0.0,0.0,0.0,0.0,0.0,0.0,0.0,0.0,0.0,0.0,0.0,0.0,0.0,0.0,0.0,0.0,0.0,0.0,0.0,9.6374e-05,8.6985e-05,0.00026695,0.00012509,0.00010735,0.00026467,0.00030936,0.00030936,0.00030936,0.00030936,0.00030936,0.00030936,0.00030936,0.0
0.004,V,0.0,0.0,0.0,0.0,0.0,0.0,0.0,0.0,0.0,0.0,0.0,0.0,0.0,0.0,0.0,0.0,0.0,0.0,0.0,0.0,0.0,1.3096e-05,9.561e-06,1.5698e-05,8.0231e-06,1.4085e-05,1.774e-05,2.2136e-05,2.2136e-05,2.2136e-05,2.2136e-05,2.2136e-05,2.2136e-05,2.2136e-05,0.0
0.004,Cr,0.0,0.0,0.0,0.0,0.0,0.0,0.0,0.0,0.0,0.0,0.0,0.0,0.0,0.0,0.0,0.0,0.0,0.0,0.0,0.0,0.0,0.001192,0.001051,0.0041866,0.001794,0.0013446,0.0040665,0.0044853,0.0044853,0.0044853,0.0044853,0.0044853,0.0044853,0.0044853,0.0
0.004,Mn,0.0,0.0,0.0,0.0,0.0,0.0,0.0,0.0,0.0,0.0,0.0,0.0,0.0,0.0,0.0,0.0,0.0,0.0,0.0,0.0,0.0,0.00020036,0.00017075,0.00072054,0.00032928,0.00023351,0.00076146,0.00083776,0.00083776,0.00083776,0.00083776,0.00083776,0.00083776,0.00083776,0.0
0.004,Fe,0.0,0.0,0.0,0.0,0.0,0.0,0.0,0.0,0.0,0.0,0.0,0.0,0.0,0.0,0.0,0.0,0.0,0.0,0.0,0.0,0.0,0.07493,0.075402,0.078958,0.077651,0.07732,0.08264400000000001,0.08528999999999999,0.08528999999999999,0.08528999999999999,0.08528999999999999,0.08528999999999999,0.08528999999999999,0.08528999999999999,0.0
0.004,Co,0.0,0.0,0.0,0.0,0.0,0.0,0.0,0.0,0.0,0.0,0.0,0.0,0.0,0.0,0.0,0.0,0.0,0.0,0.0,0.0,0.0,0.00019602,0.00013089,3.5785e-05,6.2066e-05,0.000217,0.00012847,0.00019101,0.00019101,0.00019101,0.00019101,0.00019101,0.00019101,0.00019101,0.0
0.004,Ni,0.0,0.0,0.0,0.0,0.0,0.0,0.0,0.0,0.0,0.0,0.0,0.0,0.0,0.0,0.0,0.0,0.0,0.0,0.0,0.0,0.0,0.0024035,0.0022135,0.00076286,0.0019547,0.0026138000000000003,0.0014019,0.0020312999999999998,0.0020312999999999998,0.0020312999999999998,0.0020312999999999998,0.0020312999999999998,0.0020312999999999998,0.0020312999999999998,0.0
0.004,Cu,0.0,0.0,0.0,0.0,0.0,0.0,0.0,0.0,0.0,0.0,0.0,0.0,0.0,0.0,0.0,0.0,0.0,0.0,0.0,0.0,0.0,1.4303e-05,6.8801e-06,2.6862e-05,2.3675e-05,7.446199999999999e-05,0.00012166,0.00024921,0.00024921,0.00024921,0.00024921,0.00024921,0.00024921,0.00024921,0.0
0.004,Zn,0.0,0.0,0.0,0.0,0.0,0.0,0.0,0.0,0.0,0.0,0.0,0.0,0.0,0.0,0.0,0.0,0.0,0.0,0.0,0.0,0.0,0.0001249,0.00012257,5.8058e-05,9.1526e-05,0.00022692,0.00027400000000000005,0.00058225,0.00058225,0.00058225,0.00058225,0.00058225,0.00058225,0.00058225,0.0
0.004,rem,0.5,0.61,0.642,0.628,0.63,0.64,0.65,0.664,0.6709999999999999,0.731,0.8140000000000001,0.852,0.872,0.905,0.932,0.977,1.01,1.06,1.16,1.23,1.31,1.61,1.5,2.1430000000000002,1.76,1.68,2.56,2.81,2.81,2.81,2.81,2.81,2.81,2.81,1.31
0.008,He,0.0,0.0085845,0.014188,0.016941,0.022417,0.025209,0.036987,0.049321,0.072426,0.12304000000000001,0.08229600000000001,0.06904500000000001,0.15800999999999998,0.27191,0.30563,0.40479,0.4612,0.5128,0.5675,0.6128,0.664,0.664,4.1483,5.078,5.5112,6.9172,7.1284,8.1093,6.6474,6.6474,6.6474,6.6474,6.6474,6.6474,6.6474
0.008,Li,0.0,-6.54e-10,-1.22e-09,-1.941e-09,-2.834e-09,-3.286e-09,-3.924e-09,-4.246e-09,-5.091e-09,-8.434e-09,-7.159e-09,2.73e-08,-8.537e-09,-1.5116e-08,-1.6685e-08,-1.8663e-08,-2.346e-08,-2.51e-08,-1.99e-08,3.21e-08,1.3480000000000002e-07,0.0,2.4e-11,0.0,2.8e-11,3e-12,0.0,1e-12,3e-12,3e-12,3e-12,3e-12,3e-12,3e-12,3e-12
0.008,C,0.0,-7.8922e-05,-0.00020301,-8.620600000000001e-05,0.0024703000000000004,0.0046137,0.0095909,0.013935,0.020250999999999998,0.036874000000000004,0.025123,0.017547,0.002076,-0.00090164,0.00031957,-0.0016481999999999998,0.001377,-0.0005495,-0.00103,-0.001689,-0.0017510000000000002,0.0,0.096208,0.078175,0.14859,0.16094,0.14131,0.2111,0.51752,0.51752,0.51752,0.51752,0.51752,0.51752,0.51752
0.008,C_13,0.0,9.4678e-06,1.4406e-05,1.9668e-05,2.4019e-05,2.5134e-05,2.7614e-05,2.8203e-05,3.0627e-05,3.9072e-05,5.7473e-05,0.00066571,0.00074226,0.00065899,0.00060627,0.00065377,0.0005562000000000001,0.00045700000000000005,0.0004989,0.0005109,0.0007306,0.0,0.00053865,0.00061503,0.00093834,0.00078906,0.00033130000000000003,0.0010195,0.00039498,0.00039498,0.00039498,0.00039498,0.00039498,0.00039498,0.00039498
0.008,N,0.0,8.508700000000001e-05,0.00022859,0.0003939,0.00057118,0.00063368,0.00078178,0.0008597000000000001,0.0010902999999999998,0.0014470000000000002,0.0018113,0.0020839,0.036703,0.053829999999999996,0.046109,0.047771,0.04077,0.03021,0.025810000000000003,0.0253,0.032510000000000004,0.0,0.025855,0.03385,0.036562,0.041458,0.042086,0.055476,0.0398,0.0398,0.0398,0.0398,0.0398,0.0398,0.0398
0.008,N_15,0.0,0.0,0.0,0.0,0.0,0.0,0.0,0.0,0.0,0.0,0.0,0.0,0.0,0.0,0.0,0.0,-8.06e-06,-8.888999999999999e-06,-9.54e-06,-9.606e-06,-8.548999999999999e-06,0.0,2.1493e-05,3.0659e-05,3.8551e-05,0.00011247,8.371600000000001e-05,5.659e-06,5.3118e-06,5.3118e-06,5.3118e-06,5.3118e-06,5.3118e-06,5.3118e-06,5.3118e-06
0.008,O,0.0,-3.5883e-06,-7.9062e-06,-9.2513e-06,2.418e-05,4.7011e-05,4.5915e-06,-2.4937e-05,-0.00023729,-0.0006033,-0.00055493,-0.00042982,-0.0011042,-0.003819,-0.0044756,-0.0077992,-0.007098,-0.007502,-0.007034,-0.007102,-0.00571,0.0,0.31332,0.23600000000000002,1.212,1.0191,2.5473,4.1112,7.6908,7.6908,7.6908,7.6908,7.6908,7.6908,7.6908
0.008,O_17,0.0,3.8e-07,9.5284e-07,2.9964e-06,8.9274e-06,1.4333e-05,2.1065e-05,2.3413e-05,2.1739e-05,2.0873e-05,2.3236e-05,2.1879e-05,1.7764e-05,1.998e-05,2.5225e-05,2.687e-05,3.467e-05,4.8899999999999996e-05,7.099999999999999e-05,9.851e-05,0.00012429999999999999,0.0,0.00042384,0.0003991,0.00043668,0.00046859,0.00048837,0.00079533,0.00050903,0.00050903,0.00050903,0.00050903,0.00050903,0.00050903,0.00050903
0.008,O_18,0.0,-2.3145e-07,-8.955200000000002e-07,-1.6747e-06,-2.6477e-06,-3.0926e-06,-3.8831e-06,-4.2947000000000006e-06,-5.2533e-06,-7.3596000000000015e-06,-8.2651e-06,-1.3305e-05,-3.1322e-05,-3.5433000000000004e-05,-3.953e-05,-4.349e-05,-4.674e-05,-5.051e-05,-5.418e-05,-5.753e-05,-5.948e-05,0.0,0.0026184999999999997,0.0016442,0.005122600000000001,0.0029767,0.0021829,0.002686,0.005779,0.005779,0.005779,0.005779,0.005779,0.005779,0.005779
0.008,F,0.0,-1.26e-10,3.9e-11,9.644e-09,1.517e-07,3.1566999999999997e-07,9.3912e-07,1.8861e-06,3.711e-06,1.1536e-05,5.9951e-06,2.8873000000000007e-06,1.6062e-06,2.9011e-07,8.832e-09,-4.771000000000001e-07,-7.751e-08,-5.95e-07,-9.912e-07,-1.227e-06,-1.323e-06,0.0,7.2380999999999985e-06,8.283999999999999e-06,9.8111e-06,2.9099e-05,0.00015319999999999998,9.9557e-06,2.8578e-06,2.8578e-06,2.8578e-06,2.8578e-06,2.8578e-06,2.8578e-06,2.8578e-06
0.008,Na,0.0,1.7081e-07,4.4278e-07,1.5566e-06,4.9945e-06,7.3985e-06,1.3303e-05,1.987e-05,3.2555e-05,7.4528e-05,3.3384000000000004e-05,2.5751e-05,4.6777e-05,6.8195e-05,5.8341e-05,4.7325e-05,6.342e-05,5.933e-05,6.887e-05,5.622e-05,6.276e-05,0.0,0.0012511,0.00092382,0.0015098,0.0095587,0.016298,0.022956,0.048283,0.048283,0.048283,0.048283,0.048283,0.048283,0.048283
0.008,Mg,0.0,4.43e-10,1.073e-09,-2.5566e-08,-3.057e-08,1.5487e-07,2.2308000000000003e-06,3.6693e-06,1.2458e-05,8.473e-05,0.00011554,0.00010631,0.00034396,0.00052171,0.00044587,0.00046891,0.00060094,0.00038597,0.00043554,0.00053204,0.0006232,0.0,0.039314,0.062358000000000004,0.11603,0.098138,0.25045,0.23875,0.42682,0.42682,0.42682,0.42682,0.42682,0.42682,0.42682
0.008,Al,0.0,1.25e-10,3e-10,6.5747e-08,4.2146e-07,7.143099999999998e-07,1.3351e-06,1.9397e-06,2.8218e-06,5.6624e-06,1.0578e-05,1.2381e-05,1.9266e-05,2.378e-05,1.7225e-05,1.4763e-05,1.818e-05,1.124e-05,9.598e-06,1.131e-05,1.229e-05,0.0,0.0019007000000000002,0.002934,0.0072907,0.007186799999999999,0.020162,0.024277,0.05304400000000001,0.05304400000000001,0.05304400000000001,0.05304400000000001,0.05304400000000001,0.05304400000000001,0.05304400000000001
0.008,Si,0.0,0.0,0.0,0.0,0.0,0.0,0.0,0.0,0.0,0.0,0.0,0.0,0.0,0.0,0.0,0.0,0.0,0.0,0.0,0.0,0.0,0.0,0.068985,0.09817100000000001,0.17457,0.10126,0.22234,0.34085,0.41655,0.41655,0.41655,0.41655,0.41655,0.41655,0.41655
0.008,S,0.0,0.0,0.0,0.0,0.0,0.0,0.0,0.0,0.0,0.0,0.0,0.0,0.0,0.0,0.0,0.0,0.0,0.0,0.0,0.0,0.0,0.0,0.032389999999999995,0.035936,0.084867,0.042864,0.10025,0.15786,0.1788,0.1788,0.1788,0.1788,0.1788,0.1788,0.1788
0.008,K,0.0,0.0,0.0,0.0,0.0,0.0,0.0,0.0,0.0,0.0,0.0,0.0,0.0,0.0,0.0,0.0,0.0,0.0,0.0,0.0,0.0,0.0,3.4899999999999995e-05,5.2298e-05,6.3166e-05,5.5327e-05,0.00015132,0.00012978,0.00013295,0.00013295,0.00013295,0.00013295,0.00013295,0.00013295,0.00013295
0.008,Ca,0.0,0.0,0.0,0.0,0.0,0.0,0.0,0.0,0.0,0.0,0.0,0.0,0.0,0.0,0.0,0.0,0.0,0.0,0.0,0.0,0.0,0.0,0.004386,0.0035260999999999995,0.013387999999999999,0.0053589,0.010742,0.021549000000000002,0.022864,0.022864,0.022864,0.022864,0.022864,0.022864,0.022864
0.008,Sc,0.0,0.0,0.0,0.0,0.0,0.0,0.0,0.0,0.0,0.0,0.0,0.0,0.0,0.0,0.0,0.0,0.0,0.0,0.0,0.0,0.0,0.0,4.3723e-07,5.4163e-07,7.9235e-07,7.6527e-07,1.8898e-06,1.7319e-06,3.5816e-06,3.5816e-06,3.5816e-06,3.5816e-06,3.5816e-06,3.5816e-06,3.5816e-06
0.008,Ti,0.0,0.0,0.0,0.0,0.0,0.0,0.0,0.0,0.0,0.0,0.0,0.0,0.0,0.0,0.0,0.0,0.0,0.0,0.0,0.0,0.0,0.0,9.7394e-05,0.0001041,0.00021964,0.00013240000000000002,0.00017468,0.00028381,0.00032012,0.00032012,0.00032012,0.00032012,0.00032012,0.00032012,0.00032012
0.008,V,0.0,0.0,0.0,0.0,0.0,0.0,0.0,0.0,0.0,0.0,0.0,0.0,0.0,0.0,0.0,0.0,0.0,0.0,0.0,0.0,0.0,0.0,1.2539e-05,9.7421e-06,1.3877e-05,1.0318e-05,1.3207e-05,2.0992e-05,2.2338e-05,2.2338e-05,2.2338e-05,2.2338e-05,2.2338e-05,2.2338e-05,2.2338e-05
0.008,Cr,0.0,0.0,0.0,0.0,0.0,0.0,0.0,0.0,0.0,0.0,0.0,0.0,0.0,0.0,0.0,0.0,0.0,0.0,0.0,0.0,0.0,0.0,0.00099719,0.0012046,0.0029987,0.0015404000000000001,0.0023484,0.0041088,0.0043535,0.0043535,0.0043535,0.0043535,0.0043535,0.0043535,0.0043535
0.008,Mn,0.0,0.0,0.0,0.0,0.0,0.0,0.0,0.0,0.0,0.0,0.0,0.0,0.0,0.0,0.0,0.0,0.0,0.0,0.0,0.0,0.0,0.0,0.00023508,0.00026088,0.00058456,0.0003425,0.00028250000000000004,0.00088155,0.00083361,0.00083361,0.00083361,0.00083361,0.00083361,0.00083361,0.00083361
0.008,Fe,0.0,0.0,0.0,0.0,0.0,0.0,0.0,0.0,0.0,0.0,0.0,0.0,0.0,0.0,0.0,0.0,0.0,0.0,0.0,0.0,0.0,0.0,0.080314,0.08156000000000001,0.084995,0.08456799999999999,0.08233,0.091796,0.087177,0.087177,0.087177,0.087177,0.087177,0.087177,0.087177
0.008,Co,0.0,0.0,0.0,0.0,0.0,0.0,0.0,0.0,0.0,0.0,0.0,0.0,0.0,0.0,0.0,0.0,0.0,0.0,0.0,0.0,0.0,0.0,0.00017228,0.00011328,9.8743e-05,0.00016121,0.00029606,0.0003054,0.00040784,0.00040784,0.00040784,0.00040784,0.00040784,0.00040784,0.00040784
0.008,Ni,0.0,0.0,0.0,0.0,0.0,0.0,0.0,0.0,0.0,0.0,0.0,0.0,0.0,0.0,0.0,0.0,0.0,0.0,0.0,0.0,0.0,0.0,0.0033923,0.0026915,0.0027714000000000003,0.0032881,0.0029136999999999995,0.0019015999999999998,0.0036842,0.0036842,0.0036842,0.0036842,0.0036842,0.0036842,0.0036842
0.008,Cu,0.0,0.0,0.0,0.0,0.0,0.0,0.0,0.0,0.0,0.0,0.0,0.0,0.0,0.0,0.0,0.0,0.0,0.0,0.0,0.0,0.0,0.0,2.0429e-05,1.2599e-05,2.6778000000000007e-05,8.7369e-05,0.00029438,0.00011172,0.0007166000000000001,0.0007166000000000001,0.0007166000000000001,0.0007166000000000001,0.0007166000000000001,0.0007166000000000001,0.0007166000000000001
0.008,Zn,0.0,0.0,0.0,0.0,0.0,0.0,0.0,0.0,0.0,0.0,0.0,0.0,0.0,0.0,0.0,0.0,0.0,0.0,0.0,0.0,0.0,0.0,0.00012798,0.00011085,7.3239e-05,0.00016283,0.00053664,0.00017748,0.0016495000000000001,0.0016495000000000001,0.0016495000000000001,0.0016495000000000001,0.0016495000000000001,0.0016495000000000001,0.0016495000000000001
0.008,rem,0.5,0.5770000000000001,0.6,0.633,0.636,0.64,0.644,0.652,0.6629999999999999,0.6940000000000001,0.7659999999999999,0.836,0.861,0.8859999999999999,0.907,0.948,0.95,1.0,1.06,1.14,1.22,1.31,1.6059999999999999,1.5,1.901,1.67,1.734,2.362,2.552,2.552,2.552,2.552,2.552,2.552,2.552
0.02,He,0.0,0.007940000000000001,0.011998,0.012394,0.011327,0.010327,0.011151000000000001,0.013397,0.02366,0.051488,0.069445,0.04887,0.078523,0.1675,0.2513,0.33136,0.40248,0.4736,0.5492,0.6172,0.6728,0.7291,4.2978,5.2495,6.1136,6.763,5.3453,8.3592,4.7061,4.7061,4.7061,4.7061,4.7061,4.7061,4.7061
0.02,Li,0.0,-1.668e-09,-5.560000000000001e-09,-5.351e-09,-7.259e-09,-1.1317e-08,-1.119e-08,-1.0399e-08,-1.2272e-08,-1.6283e-08,-2.5808e-08,-2.9742000000000006e-08,-3.2909e-08,-1.436e-08,-3.0662e-08,-3.8418e-08,-2.2253e-08,-6.0880000000000005e-09,1.14e-08,3.804e-08,8.92e-08,1.927e-07,5.6e-11,1e-12,0.0,4e-12,0.0,0.0,1e-12,1e-12,1e-12,1e-12,1e-12,1e-12,1e-12
0.02,C,0.0,-0.00017512,-0.00046301,-0.00080092,-0.0011244000000000002,-0.0012645,-0.00099445,-0.00062879,0.0038213,0.013696999999999999,0.018787,0.0092211,-0.0012293,0.0028671,-0.0064297,-0.009876799999999998,-0.0097679,-0.009659000000000001,-0.009928,-0.0115,-0.01226,-0.014740000000000001,0.10728,0.065066,0.1361,0.24494000000000002,0.15322,0.25018,0.5957600000000001,0.5957600000000001,0.5957600000000001,0.5957600000000001,0.5957600000000001,0.5957600000000001,0.5957600000000001
0.02,C_13,0.0,2.4787e-05,3.9024e-05,5.4915e-05,6.135300000000001e-05,6.9854e-05,7.6826e-05,8.1136e-05,9.0292e-05,0.00010971,0.00013811,0.00017287,0.00020393,0.0024081999999999997,0.00060043,0.00055319,0.00055069,0.0005482,0.0006315,0.0007827999999999999,0.0009419000000000001,0.001168,0.0010017000000000001,0.0011515,0.001382,0.0014462,0.00026369,0.0019190000000000001,0.00043106,0.00043106,0.00043106,0.00043106,0.00043106,0.00043106,0.00043106
0.02,N,0.0,0.00017971,0.0005034,0.00088313,0.0012521,0.0014077,0.0016774000000000001,0.0019175000000000002,0.0022936999999999996,0.003093,0.0040336,0.0050833,0.0065382999999999995,0.01188,0.034038,0.036213999999999996,0.036392,0.03657,0.0384,0.04245,0.04598,0.054020000000000006,0.048031,0.061489,0.066102,0.071907,0.0561,0.10231,0.058105,0.058105,0.058105,0.058105,0.058105,0.058105,0.058105
0.02,N_15,0.0,0.0,0.0,0.0,0.0,0.0,0.0,0.0,0.0,0.0,0.0,0.0,0.0,0.0,0.0,0.0,-1.1915e-05,-2.383e-05,-2.557e-05,-2.696e-05,-2.773e-05,-2.614e-05,4.0866e-05,5.969e-05,1.5269000000000002e-05,0.00022435,6.8448e-05,6.5549e-06,5.7164e-06,5.7164e-06,5.7164e-06,5.7164e-06,5.7164e-06,5.7164e-06,5.7164e-06
0.02,O,0.0,-1.8226e-06,-3.9991e-06,-7.2001e-06,-8.7377e-06,-1.4319e-05,-0.00011289,-0.00020514,-0.00043497,-0.0011239000000000002,-0.0016942,-0.0016855000000000001,-0.002186,-0.0036451,-0.0059858,-0.0080712,-0.0089376,-0.009804,-0.01139,-0.01319,-0.01466,-0.014459999999999999,0.21815,0.16165,0.7703,1.0528,3.0055,3.2162,7.3334,7.3334,7.3334,7.3334,7.3334,7.3334,7.3334
0.02,O_17,0.0,3.2246000000000004e-07,9.2655e-07,3.5449e-06,9.2517e-06,1.4835e-05,2.9543e-05,4.5227e-05,4.3224e-05,4.6773e-05,4.8669e-05,4.7893e-05,4.3824e-05,3.8951e-05,6.5724e-05,8.285e-05,9.1875e-05,0.00010090000000000001,0.0001256,0.0001726,0.000241,0.0003005,0.00086843,0.0008122,0.00087587,0.00095078,0.00098584,0.0016879000000000002,0.00097219,0.00097219,0.00097219,0.00097219,0.00097219,0.00097219,0.00097219
0.02,O_18,0.0,-4.239e-07,-1.8372e-06,-3.601600000000001e-06,-5.4178999999999986e-06,-6.2375e-06,-7.4955e-06,-8.229e-06,-9.894e-06,-1.368e-05,-1.7757e-05,-2.0165e-05,-2.3352e-05,-8.850600000000001e-05,-9.9152e-05,-0.00010929,-0.00011854,-0.0001278,-0.00013759999999999998,-0.0001467,-0.00015419999999999998,-0.0001584,0.0035013000000000006,0.0025381,0.011743,0.0052196000000000005,0.0039481,0.0061792,0.012312,0.012312,0.012312,0.012312,0.012312,0.012312,0.012312
0.02,F,0.0,1.84e-10,1.249e-09,2.167e-09,2.581e-09,1.6309999999999998e-09,3.7528e-08,9.2632e-08,7.6089e-07,3.3875e-06,5.6402e-06,2.2544e-06,1.9099e-07,1.9239e-06,2.6744e-07,-8.849800000000002e-07,-7.609399999999998e-07,-6.369e-07,-1.087e-06,-2.1180000000000003e-06,-2.882e-06,-3.1660000000000007e-06,1.4193e-05,1.6414000000000002e-05,4.4733e-06,6.0478e-05,0.00024335,7.8086e-06,5.2596e-06,5.2596e-06,5.2596e-06,5.2596e-06,5.2596e-06,5.2596e-06,5.2596e-06
0.02,Na,0.0,1.3835999999999998e-07,3.7087e-07,1.5732e-06,4.2410000000000006e-06,6.585800000000001e-06,1.0585999999999997e-05,1.4367e-05,2.351e-05,5.0871e-05,6.5343e-05,5.5144e-05,6.0205e-05,9.002600000000001e-05,0.00011282,0.00013223,0.00016692,0.0002016,0.0002303,0.0002499,0.0002549,0.00026489999999999993,0.0009251,0.0010625,0.0029313000000000004,0.016816,0.029582,0.034686,0.077638,0.077638,0.077638,0.077638,0.077638,0.077638,0.077638
0.02,Mg,0.0,-1.457e-09,2.954e-09,-1.7e-11,3.052e-09,1.518e-09,3.8177e-08,7.6621e-08,1.0657e-06,1.2634e-05,4.5242e-05,4.2323e-05,1.8612e-06,8.4199e-05,0.00022848,0.00019813,0.00030065,0.00040318,0.00046192,0.00085085,0.0011836,0.0011638,0.029910000000000003,0.041093,0.11562,0.094854,0.25686,0.24724000000000002,0.45655,0.45655,0.45655,0.45655,0.45655,0.45655,0.45655
0.02,Al,0.0,1.11e-10,2.66e-10,6.5e-11,-2.55e-10,5.8e-11,1.0681e-07,2.6583000000000005e-07,1.2329e-06,3.759e-06,6.000700000000002e-06,6.2844e-06,2.1734e-06,1.295e-05,2.2282e-05,1.9267e-05,2.1589e-05,2.391e-05,1.86e-05,1.616e-05,1.557e-05,1.484e-05,0.0014965999999999998,0.002442,0.010024,0.0099015,0.031969,0.034095,0.08298,0.08298,0.08298,0.08298,0.08298,0.08298,0.08298
0.02,Si,0.0,0.0,0.0,0.0,0.0,0.0,0.0,0.0,0.0,0.0,0.0,0.0,0.0,0.0,0.0,0.0,0.0,0.0,0.0,0.0,0.0,0.0,0.07788400000000001,0.088774,0.11475999999999999,0.067725,0.35489,0.25821,0.26108000000000003,0.26108000000000003,0.26108000000000003,0.26108000000000003,0.26108000000000003,0.26108000000000003,0.26108000000000003
0.02,S,0.0,0.0,0.0,0.0,0.0,0.0,0.0,0.0,0.0,0.0,0.0,0.0,0.0,0.0,0.0,0.0,0.0,0.0,0.0,0.0,0.0,0.0,0.039151,0.036474,0.039476,0.030010000000000002,0.18563,0.11258,0.11297,0.11297,0.11297,0.11297,0.11297,0.11297,0.11297
0.02,K,0.0,0.0,0.0,0.0,0.0,0.0,0.0,0.0,0.0,0.0,0.0,0.0,0.0,0.0,0.0,0.0,0.0,0.0,0.0,0.0,0.0,0.0,5.4998999999999986e-05,7.5875e-05,8.4622e-05,8.3039e-05,0.00031194,0.00014879,0.00015946,0.00015946,0.00015946,0.00015946,0.00015946,0.00015946,0.00015946
0.02,Ca,0.0,0.0,0.0,0.0,0.0,0.0,0.0,0.0,0.0,0.0,0.0,0.0,0.0,0.0,0.0,0.0,0.0,0.0,0.0,0.0,0.0,0.0,0.0049770000000000005,0.004070799999999999,0.0046226999999999996,0.0038177,0.019913,0.015772,0.01567,0.01567,0.01567,0.01567,0.01567,0.01567,0.01567
0.02,Sc,0.0,0.0,0.0,0.0,0.0,0.0,0.0,0.0,0.0,0.0,0.0,0.0,0.0,0.0,0.0,0.0,0.0,0.0,0.0,0.0,0.0,0.0,7.2922e-07,9.2999e-07,1.2606999999999998e-06,1.2999e-06,3.6873e-06,2.575e-06,6.1470000000000015e-06,6.1470000000000015e-06,6.1470000000000015e-06,6.1470000000000015e-06,6.1470000000000015e-06,6.1470000000000015e-06,6.1470000000000015e-06
0.02,Ti,0.0,0.0,0.0,0.0,0.0,0.0,0.0,0.0,0.0,0.0,0.0,0.0,0.0,0.0,0.0,0.0,0.0,0.0,0.0,0.0,0.0,0.0,9.8744e-05,0.00012672,0.00015711,0.00014206,0.00026368,0.00030913,0.00033433,0.00033433,0.00033433,0.00033433,0.00033433,0.00033433,0.00033433
0.02,V,0.0,0.0,0.0,0.0,0.0,0.0,0.0,0.0,0.0,0.0,0.0,0.0,0.0,0.0,0.0,0.0,0.0,0.0,0.0,0.0,0.0,0.0,1.1803e-05,9.9814e-06,1.147e-05,1.335e-05,1.2046e-05,2.5292e-05,2.2605e-05,2.2605e-05,2.2605e-05,2.2605e-05,2.2605e-05,2.2605e-05,2.2605e-05
0.02,Cr,0.0,0.0,0.0,0.0,0.0,0.0,0.0,0.0,0.0,0.0,0.0,0.0,0.0,0.0,0.0,0.0,0.0,0.0,0.0,0.0,0.0,0.0,0.00073962,0.0014076,0.0014283,0.0012052,0.0036753,0.004164800000000001,0.0041792,0.0041792,0.0041792,0.0041792,0.0041792,0.0041792,0.0041792
0.02,Mn,0.0,0.0,0.0,0.0,0.0,0.0,0.0,0.0,0.0,0.0,0.0,0.0,0.0,0.0,0.0,0.0,0.0,0.0,0.0,0.0,0.0,0.0,0.00028097,0.00038003,0.00040480000000000003,0.00035997,0.00034727,0.0010402999999999999,0.00082813,0.00082813,0.00082813,0.00082813,0.00082813,0.00082813,0.00082813
0.02,Fe,0.0,0.0,0.0,0.0,0.0,0.0,0.0,0.0,0.0,0.0,0.0,0.0,0.0,0.0,0.0,0.0,0.0,0.0,0.0,0.0,0.0,0.0,0.08743,0.089701,0.092976,0.093712,0.08895299999999999,0.10389000000000001,0.089673,0.089673,0.089673,0.089673,0.089673,0.089673,0.089673
0.02,Co,0.0,0.0,0.0,0.0,0.0,0.0,0.0,0.0,0.0,0.0,0.0,0.0,0.0,0.0,0.0,0.0,0.0,0.0,0.0,0.0,0.0,0.0,0.00014089,9.000100000000001e-05,0.00018197,0.00029226,0.00040057,0.00053929,0.00069448,0.00069448,0.00069448,0.00069448,0.00069448,0.00069448,0.00069448
0.02,Ni,0.0,0.0,0.0,0.0,0.0,0.0,0.0,0.0,0.0,0.0,0.0,0.0,0.0,0.0,0.0,0.0,0.0,0.0,0.0,0.0,0.0,0.0,0.0046992,0.0033234000000000002,0.0054267,0.0050507,0.0033101999999999997,0.0025623,0.0058691,0.0058691,0.0058691,0.0058691,0.0058691,0.0058691,0.0058691
0.02,Cu,0.0,0.0,0.0,0.0,0.0,0.0,0.0,0.0,0.0,0.0,0.0,0.0,0.0,0.0,0.0,0.0,0.0,0.0,0.0,0.0,0.0,0.0,2.8527e-05,2.016e-05,2.6667e-05,0.00017157,0.00058508,9.8578e-05,0.0013345,0.0013345,0.0013345,0.0013345,0.0013345,0.0013345,0.0013345
0.02,Zn,0.0,0.0,0.0,0.0,0.0,0.0,0.0,0.0,0.0,0.0,0.0,0.0,0.0,0.0,0.0,0.0,0.0,0.0,0.0,0.0,0.0,0.0,0.00013204,9.5371e-05,9.3306e-05,0.00025708,0.00094606,4.9892e-05,0.0030603,0.0030603,0.0030603,0.0030603,0.0030603,0.0030603,0.0030603
0.02,rem,0.5,0.564,0.574,0.6,0.615,0.63,0.648,0.66,0.6629999999999999,0.682,0.718,0.792,0.852,0.879,0.9,0.929,0.9495,0.97,1.01,1.07,1.15,1.23,1.6,1.5,1.58,1.55,1.804,2.1,2.21,2.21,2.21,2.21,2.21,2.21,2.21
0.05,He,0.0,0.007940000000000001,0.011998,0.012394,0.011327,0.010327,0.011151000000000001,0.013397,0.02366,0.051488,0.069445,0.04887,0.078523,0.1675,0.2513,0.33136,0.40248,0.4736,0.5492,0.6172,0.6728,0.7291,4.6931,5.2285,5.7247,5.9308,6.0842,7.6718,9.1696,9.1696,9.1696,9.1696,9.1696,9.1696,9.1696
0.05,Li,0.0,-1.668e-09,-5.560000000000001e-09,-5.351e-09,-7.259e-09,-1.1317e-08,-1.119e-08,-1.0399e-08,-1.2272e-08,-1.6283e-08,-2.5808e-08,-2.9742000000000006e-08,-3.2909e-08,-1.436e-08,-3.0662e-08,-3.8418e-08,-2.2253e-08,-6.0880000000000005e-09,1.14e-08,3.804e-08,8.92e-08,1.927e-07,4e-12,1.1732e-08,1e-12,1.9e-11,2.4e-11,1.0645e-07,1e-12,1e-12,1e-12,1e-12,1e-12,1e-12,1e-12
0.05,C,0.0,-0.00017512,-0.00046301,-0.00080092,-0.0011244000000000002,-0.0012645,-0.00099445,-0.00062879,0.0038213,0.013696999999999999,0.018787,0.0092211,-0.0012293,0.0028671,-0.0064297,-0.009876799999999998,-0.0097679,-0.009659000000000001,-0.009928,-0.0115,-0.01226,-0.014740000000000001,0.11520999999999999,0.09237999999999999,0.21586999999999998,0.31281,0.20325,0.15192999999999998,0.46481000000000006,0.46481000000000006,0.46481000000000006,0.46481000000000006,0.46481000000000006,0.46481000000000006,0.46481000000000006
0.05,C_13,0.0,2.4787e-05,3.9024e-05,5.4915e-05,6.135300000000001e-05,6.9854e-05,7.6826e-05,8.1136e-05,9.0292e-05,0.00010971,0.00013811,0.00017287,0.00020393,0.0024081999999999997,0.00060043,0.00055319,0.00055069,0.0005482,0.0006315,0.0007827999999999999,0.0009419000000000001,0.001168,0.0025381,0.00088292,0.0032448999999999998,0.0033053000000000006,0.0018812999999999998,0.0040076,0.0022356999999999998,0.0022356999999999998,0.0022356999999999998,0.0022356999999999998,0.0022356999999999998,0.0022356999999999998,0.0022356999999999998
0.05,N,0.0,0.00017971,0.0005034,0.00088313,0.0012521,0.0014077,0.0016774000000000001,0.0019175000000000002,0.0022936999999999996,0.003093,0.0040336,0.0050833,0.0065382999999999995,0.01188,0.034038,0.036213999999999996,0.036392,0.03657,0.0384,0.04245,0.04598,0.054020000000000006,0.10507000000000001,0.15925999999999998,0.12009,0.1281,0.13638,0.18875,0.29236999999999996,0.29236999999999996,0.29236999999999996,0.29236999999999996,0.29236999999999996,0.29236999999999996,0.29236999999999996
0.05,N_15,0.0,0.0,0.0,0.0,0.0,0.0,0.0,0.0,0.0,0.0,0.0,0.0,0.0,0.0,0.0,0.0,-1.1915e-05,-2.383e-05,-2.557e-05,-2.696e-05,-2.773e-05,-2.614e-05,0.00010073,2.9743000000000006e-05,3.7152e-05,1.004e-05,0.00061209,0.0036936,4.505100000000001e-05,4.505100000000001e-05,4.505100000000001e-05,4.505100000000001e-05,4.505100000000001e-05,4.505100000000001e-05,4.505100000000001e-05
0.05,O,0.0,-1.8226e-06,-3.9991e-06,-7.2001e-06,-8.7377e-06,-1.4319e-05,-0.00011289,-0.00020514,-0.00043497,-0.0011239000000000002,-0.0016942,-0.0016855000000000001,-0.002186,-0.0036451,-0.0059858,-0.0080712,-0.0089376,-0.009804,-0.01139,-0.01319,-0.01466,-0.014459999999999999,0.35594000000000003,0.72722,1.5312,1.9193,3.0091,5.599,6.8622,6.8622,6.8622,6.8622,6.8622,6.8622,6.8622
0.05,O_17,0.0,3.2246000000000004e-07,9.2655e-07,3.5449e-06,9.2517e-06,1.4835e-05,2.9543e-05,4.5227e-05,4.3224e-05,4.6773e-05,4.8669e-05,4.7893e-05,4.3824e-05,3.8951e-05,6.5724e-05,8.285e-05,9.1875e-05,0.00010090000000000001,0.0001256,0.0001726,0.000241,0.0003005,0.0032654000000000003,0.0038326000000000002,0.0043085,0.0045422,0.0046558,0.0088693,0.014085,0.014085,0.014085,0.014085,0.014085,0.014085,0.014085
0.05,O_18,0.0,-4.239e-07,-1.8372e-06,-3.601600000000001e-06,-5.4178999999999986e-06,-6.2375e-06,-7.4955e-06,-8.229e-06,-9.894e-06,-1.368e-05,-1.7757e-05,-2.0165e-05,-2.3352e-05,-8.850600000000001e-05,-9.9152e-05,-0.00010929,-0.00011854,-0.0001278,-0.00013759999999999998,-0.0001467,-0.00015419999999999998,-0.0001584,0.013034,0.013725999999999999,0.032881,0.037883999999999994,0.016625,0.015377000000000002,0.040735,0.040735,0.040735,0.040735,0.040735,0.040735,0.040735
0.05,F,0.0,1.84e-10,1.249e-09,2.167e-09,2.581e-09,1.6309999999999998e-09,3.7528e-08,9.2632e-08,7.6089e-07,3.3875e-06,5.6402e-06,2.2544e-06,1.9099e-07,1.9239e-06,2.6744e-07,-8.849800000000002e-07,-7.609399999999998e-07,-6.369e-07,-1.087e-06,-2.1180000000000003e-06,-2.882e-06,-3.1660000000000007e-06,3.3109e-05,1.2629e-05,1.3276e-05,1.8775e-05,0.00019164,0.00025777,4.1742e-05,4.1742e-05,4.1742e-05,4.1742e-05,4.1742e-05,4.1742e-05,4.1742e-05
0.05,Na,0.0,1.3835999999999998e-07,3.7087e-07,1.5732e-06,4.2410000000000006e-06,6.585800000000001e-06,1.0585999999999997e-05,1.4367e-05,2.351e-05,5.0871e-05,6.5343e-05,5.5144e-05,6.0205e-05,9.002600000000001e-05,0.00011282,0.00013223,0.00016692,0.0002016,0.0002303,0.0002499,0.0002549,0.00026489999999999993,0.001923,0.0024753,0.035631,0.041984,0.041304,0.0080709,0.12330999999999999,0.12330999999999999,0.12330999999999999,0.12330999999999999,0.12330999999999999,0.12330999999999999,0.12330999999999999
0.05,Mg,0.0,-1.457e-09,2.954e-09,-1.7e-11,3.052e-09,1.518e-09,3.8177e-08,7.6621e-08,1.0657e-06,1.2634e-05,4.5242e-05,4.2323e-05,1.8612e-06,8.4199e-05,0.00022848,0.00019813,0.00030065,0.00040318,0.00046192,0.00085085,0.0011836,0.0011638,0.040712,0.10025,0.18999000000000002,0.20909,0.32528,0.30895,0.69224,0.69224,0.69224,0.69224,0.69224,0.69224,0.69224
0.05,Al,0.0,1.11e-10,2.66e-10,6.5e-11,-2.55e-10,5.8e-11,1.0681e-07,2.6583000000000005e-07,1.2329e-06,3.759e-06,6.000700000000002e-06,6.2844e-06,2.1734e-06,1.295e-05,2.2282e-05,1.9267e-05,2.1589e-05,2.391e-05,1.86e-05,1.616e-05,1.557e-05,1.484e-05,0.0034861999999999996,0.011547,0.024354,0.029237,0.045281,0.059945000000000005,0.13968,0.13968,0.13968,0.13968,0.13968,0.13968,0.13968
0.05,Si,0.0,0.0,0.0,0.0,0.0,0.0,0.0,0.0,0.0,0.0,0.0,0.0,0.0,0.0,0.0,0.0,0.0,0.0,0.0,0.0,0.0,0.0,0.083353,0.14478,0.056524,0.13184,0.34125,0.76859,0.34641,0.34641,0.34641,0.34641,0.34641,0.34641,0.34641
0.05,S,0.0,0.0,0.0,0.0,0.0,0.0,0.0,0.0,0.0,0.0,0.0,0.0,0.0,0.0,0.0,0.0,0.0,0.0,0.0,0.0,0.0,0.0,0.037452,0.046949,0.022557,0.05645599999999999,0.13192,0.21475,0.13108,0.13108,0.13108,0.13108,0.13108,0.13108,0.13108
0.05,K,0.0,0.0,0.0,0.0,0.0,0.0,0.0,0.0,0.0,0.0,0.0,0.0,0.0,0.0,0.0,0.0,0.0,0.0,0.0,0.0,0.0,0.0,0.00012449,0.00015533,0.00016253,0.00020317,0.00031285,0.00040622,0.00036574,0.00036574,0.00036574,0.00036574,0.00036574,0.00036574,0.00036574
0.05,Ca,0.0,0.0,0.0,0.0,0.0,0.0,0.0,0.0,0.0,0.0,0.0,0.0,0.0,0.0,0.0,0.0,0.0,0.0,0.0,0.0,0.0,0.0,0.0048666000000000004,0.005255,0.0029101,0.0068009,0.011377,0.015979,0.016096,0.016096,0.016096,0.016096,0.016096,0.016096,0.016096
0.05,Sc,0.0,0.0,0.0,0.0,0.0,0.0,0.0,0.0,0.0,0.0,0.0,0.0,0.0,0.0,0.0,0.0,0.0,0.0,0.0,0.0,0.0,0.0,1.9452e-06,3.6566e-06,3.8385000000000014e-06,4.8998e-06,7.5032e-06,1.4346e-05,2.0352e-05,2.0352e-05,2.0352e-05,2.0352e-05,2.0352e-05,2.0352e-05,2.0352e-05
0.05,Ti,0.0,0.0,0.0,0.0,0.0,0.0,0.0,0.0,0.0,0.0,0.0,0.0,0.0,0.0,0.0,0.0,0.0,0.0,0.0,0.0,0.0,0.0,0.00017473,0.00019669999999999998,0.00017926,0.00023257,0.00029523,0.00048714,0.00055013,0.00055013,0.00055013,0.00055013,0.00055013,0.00055013,0.00055013
0.05,V,0.0,0.0,0.0,0.0,0.0,0.0,0.0,0.0,0.0,0.0,0.0,0.0,0.0,0.0,0.0,0.0,0.0,0.0,0.0,0.0,0.0,0.0,2.0332e-05,2.0625e-05,1.8403e-05,2.5722e-05,2.757e-05,4.2362e-05,4.760600000000001e-05,4.760600000000001e-05,4.760600000000001e-05,4.760600000000001e-05,4.760600000000001e-05,4.760600000000001e-05,4.760600000000001e-05
0.05,Cr,0.0,0.0,0.0,0.0,0.0,0.0,0.0,0.0,0.0,0.0,0.0,0.0,0.0,0.0,0.0,0.0,0.0,0.0,0.0,0.0,0.0,0.0,0.0013272,0.0017631,0.0007342000000000001,0.002251,0.002826,0.0049212,0.005042100000000001,0.005042100000000001,0.005042100000000001,0.005042100000000001,0.005042100000000001,0.005042100000000001,0.005042100000000001
0.05,Mn,0.0,0.0,0.0,0.0,0.0,0.0,0.0,0.0,0.0,0.0,0.0,0.0,0.0,0.0,0.0,0.0,0.0,0.0,0.0,0.0,0.0,0.0,0.00051299,0.00083752,0.00046849999999999995,0.0010689,0.00096272,0.0013719000000000001,0.0014907,0.0014907,0.0014907,0.0014907,0.0014907,0.0014907,0.0014907
0.05,Fe,0.0,0.0,0.0,0.0,0.0,0.0,0.0,0.0,0.0,0.0,0.0,0.0,0.0,0.0,0.0,0.0,0.0,0.0,0.0,0.0,0.0,0.0,0.10726,0.11517000000000001,0.11588,0.1213,0.12087,0.13758,0.14215,0.14215,0.14215,0.14215,0.14215,0.14215,0.14215
0.05,Co,0.0,0.0,0.0,0.0,0.0,0.0,0.0,0.0,0.0,0.0,0.0,0.0,0.0,0.0,0.0,0.0,0.0,0.0,0.0,0.0,0.0,0.0,0.00026046,0.0002972,0.00066954,0.00079389,0.0010164,0.00053039,0.0020275,0.0020275,0.0020275,0.0020275,0.0020275,0.0020275,0.0020275
0.05,Ni,0.0,0.0,0.0,0.0,0.0,0.0,0.0,0.0,0.0,0.0,0.0,0.0,0.0,0.0,0.0,0.0,0.0,0.0,0.0,0.0,0.0,0.0,0.0061544,0.0074544,0.010333,0.009450100000000001,0.0091183,0.011198999999999999,0.015826,0.015826,0.015826,0.015826,0.015826,0.015826,0.015826
0.05,Cu,0.0,0.0,0.0,0.0,0.0,0.0,0.0,0.0,0.0,0.0,0.0,0.0,0.0,0.0,0.0,0.0,0.0,0.0,0.0,0.0,0.0,0.0,5.4795e-05,0.00014901,0.00069468,0.00093899,0.0014133,0.00068946,0.0034739000000000003,0.0034739000000000003,0.0034739000000000003,0.0034739000000000003,0.0034739000000000003,0.0034739000000000003,0.0034739000000000003
0.05,Zn,0.0,0.0,0.0,0.0,0.0,0.0,0.0,0.0,0.0,0.0,0.0,0.0,0.0,0.0,0.0,0.0,0.0,0.0,0.0,0.0,0.0,0.0,0.00019441,0.00029607,0.00076567,0.0011231,0.0019625,0.0039059,0.007215399999999999,0.007215399999999999,0.007215399999999999,0.007215399999999999,0.007215399999999999,0.007215399999999999,0.007215399999999999
0.05,rem,0.5,0.564,0.574,0.6,0.615,0.63,0.648,0.66,0.6629999999999999,0.682,0.718,0.792,0.852,0.879,0.9,0.929,0.9495,0.97,1.01,1.07,1.15,1.23,1.54,1.62,1.46,1.63,1.88,2.32,2.28,2.28,2.28,2.28,2.28,2.28,2.28
