<0.0001	He	Li	C	C_13	N	N_15	O	O_17	O_18	F	Na	Mg	Al	Si	S	K	Ca	Sc	Ti	V	Cr	Mn	Fe	Co	Ni	Cu	Zn	rem
0.5	0.0000000000000	0.0000000000000	0.0000000000000	0.0000000000000	0.0000000000000	0.0000000000000	0.0000000000000	0.0000000000000	0.0000000000000	0.0000000000000	0.0000000000000	0.0000000000000	0.0000000000000	0.0000000000000	0.0000000000000	0.0000000000000	0.0000000000000	0.0000000000000	0.0000000000000	0.0000000000000	0.0000000000000	0.0000000000000	0.0000000000000	0.0000000000000	0.0000000000000	0.0000000000000	0.0000000000000	0.5000000000000
1.0	0.0053180000000	0.0000000001080	0.0002587800000	0.0000002008800	0.0000041060000	0.0000000001440	0.0000116370000	0.0000000721710	-0.0000000042940	0.0000000055430	0.0000000322030	0.0000000216070	0.0000000032270	0.0000000000000	0.0000000000000	0.0000000000000	0.0000000000000	0.0000000000000	0.0000000000000	0.0000000000000	0.0000000000000	0.0000000000000	0.0000000000000	0.0000000000000	0.0000000000000	0.0000000000000	0.0000000000000	0.7200000000000
1.3	0.0259950000000	0.0000000001080	0.0037028000000	0.0000004813300	0.0000196020000	0.0000000016930	0.0000930690000	0.0000000763920	-0.0000000146830	0.0000001558900	0.0000002640500	0.0000001785500	0.0000000177870	0.0000000000000	0.0000000000000	0.0000000000000	0.0000000000000	0.0000000000000	0.0000000000000	0.0000000000000	0.0000000000000	0.0000000000000	0.0000000000000	0.0000000000000	0.0000000000000	0.0000000000000	0.0000000000000	0.6680000000000
1.5	0.0466460000000	0.0000000001190	0.0117100000000	0.0000008999600	0.0000405730000	0.0000000229490	0.0002750300000	0.0000003242800	-0.0000000282050	0.0000012556000	0.0000044785000	0.0000025319000	0.0000000296570	0.0000000000000	0.0000000000000	0.0000000000000	0.0000000000000	0.0000000000000	0.0000000000000	0.0000000000000	0.0000000000000	0.0000000000000	0.0000000000000	0.0000000000000	0.0000000000000	0.0000000000000	0.0000000000000	0.6610000000000
1.8	0.0879190000000	0.0000000000970	0.0233880000000	0.0000011751000	0.0000543260000	0.0000000300150	0.0004287000000	0.0000008234500	-0.0000000487040	0.0000048298000	0.0000361170000	0.0000186800000	0.0000000957930	0.0000000000000	0.0000000000000	0.0000000000000	0.0000000000000	0.0000000000000	0.0000000000000	0.0000000000000	0.0000000000000	0.0000000000000	0.0000000000000	0.0000000000000	0.0000000000000	0.0000000000000	0.0000000000000	0.6640000000000
1.9	0.1068900000000	0.0000000000660	0.0296900000000	0.0000014216000	0.0000639210000	0.0000000140690	0.0004715500000	0.0000008457700	-0.0000000584500	0.0000078963000	0.0000674980000	0.0000404050000	0.0000002308100	0.0000000000000	0.0000000000000	0.0000000000000	0.0000000000000	0.0000000000000	0.0000000000000	0.0000000000000	0.0000000000000	0.0000000000000	0.0000000000000	0.0000000000000	0.0000000000000	0.0000000000000	0.0000000000000	0.6810000000000
2.1	0.1414000000000	-0.0000000000240	0.0410710000000	0.0000016379000	0.0000717040000	0.0000000000000	0.0005569700000	0.0000006961500	-0.0000000689870	0.0000142140000	0.0001285900000	0.0001511900000	0.0000010512000	0.0000000000000	0.0000000000000	0.0000000000000	0.0000000000000	0.0000000000000	0.0000000000000	0.0000000000000	0.0000000000000	0.0000000000000	0.0000000000000	0.0000000000000	0.0000000000000	0.0000000000000	0.0000000000000	0.6962000000000
2.3	0.1578900000000	-0.0000000000620	0.0485150000000	0.0000017866000	0.0000722410000	0.0000000000000	0.0006247300000	0.0000003640700	-0.0000000690090	0.0000186700000	0.0001624100000	0.0002252800000	0.0000019135000	0.0000000000000	0.0000000000000	0.0000000000000	0.0000000000000	0.0000000000000	0.0000000000000	0.0000000000000	0.0000000000000	0.0000000000000	0.0000000000000	0.0000000000000	0.0000000000000	0.0000000000000	0.0000000000000	0.7130000000000
2.5	0.1274900000000	-0.0000000000600	0.0420720000000	0.0000112100000	0.0000383770000	0.0000000000000	0.0005796200000	0.0000005226200	-0.0000000819620	0.0000106050000	0.0000571950000	0.0003141000000	0.0000032749000	0.0000000000000	0.0000000000000	0.0000000000000	0.0000000000000	0.0000000000000	0.0000000000000	0.0000000000000	0.0000000000000	0.0000000000000	0.0000000000000	0.0000000000000	0.0000000000000	0.0000000000000	0.0000000000000	0.7320000000000
3.0	0.0764850000000	0.0000000611570	0.0235960000000	0.0004402900000	0.0000810230000	0.0000000000000	0.0004140600000	0.0000012847000	-0.0000001476800	0.0000017349000	0.0000147510000	0.0001433600000	0.0000016323000	0.0000000000000	0.0000000000000	0.0000000000000	0.0000000000000	0.0000000000000	0.0000000000000	0.0000000000000	0.0000000000000	0.0000000000000	0.0000000000000	0.0000000000000	0.0000000000000	0.0000000000000	0.0000000000000	0.8130000000000
3.5	0.1269100000000	0.0000000061530	0.0059670000000	0.0004061200000	0.0198210000000	0.0000003128900	0.0005149100000	0.0000008054300	-0.0000002773600	0.0000004126700	0.0000174650000	0.0001335400000	0.0000020024000	0.0000000000000	0.0000000000000	0.0000000000000	0.0000000000000	0.0000000000000	0.0000000000000	0.0000000000000	0.0000000000000	0.0000000000000	0.0000000000000	0.0000000000000	0.0000000000000	0.0000000000000	0.0000000000000	0.8540000000000
4.0	0.2033700000000	0.0000000016100	0.0050000000000	0.0004252800000	0.0264480000000	0.0000004838200	0.0006484300000	0.0000011860000	-0.0000003342300	0.0000004633700	0.0000194670000	0.0001750400000	0.0000026807000	0.0000000000000	0.0000000000000	0.0000000000000	0.0000000000000	0.0000000000000	0.0000000000000	0.0000000000000	0.0000000000000	0.0000000000000	0.0000000000000	0.0000000000000	0.0000000000000	0.0000000000000	0.0000000000000	0.8740000000000
4.5	0.2648700000000	0.0000000013290	0.0034416000000	0.0003519000000	0.0224790000000	0.0000004583800	0.0004746300000	0.0000012008000	-0.0000003861800	0.0000002022500	0.0000122750000	0.0001161900000	0.0000019696000	0.0000000000000	0.0000000000000	0.0000000000000	0.0000000000000	0.0000000000000	0.0000000000000	0.0000000000000	0.0000000000000	0.0000000000000	0.0000000000000	0.0000000000000	0.0000000000000	0.0000000000000	0.0000000000000	0.8970000000000
5.0	0.3419900000000	0.0000000007230	0.0026457000000	0.0003849400000	0.0228880000000	0.0000005867600	0.0003816700000	0.0000014066000	-0.0000004386600	0.0000000649960	0.0000104690000	0.0001297000000	0.0000026228000	0.0000000000000	0.0000000000000	0.0000000000000	0.0000000000000	0.0000000000000	0.0000000000000	0.0000000000000	0.0000000000000	0.0000000000000	0.0000000000000	0.0000000000000	0.0000000000000	0.0000000000000	0.0000000000000	0.9290000000000
5.5	0.4228600000000	0.0000000000680	0.0025914000000	0.0004177000000	0.0284260000000	0.0000008694100	0.0003699300000	0.0000019258000	-0.0000004891600	0.0000000394820	0.0000126560000	0.0002315100000	0.0000066348000	0.0000000000000	0.0000000000000	0.0000000000000	0.0000000000000	0.0000000000000	0.0000000000000	0.0000000000000	0.0000000000000	0.0000000000000	0.0000000000000	0.0000000000000	0.0000000000000	0.0000000000000	0.0000000000000	0.9660000000000
6.0	0.5181700000000	-0.0000000001040	0.0018626000000	0.0003893300000	0.0337970000000	0.0000021831000	0.0006352700000	0.0000030072000	-0.0000005386500	0.0000000090310	0.0000125760000	0.0003451200000	0.0000176990000	0.0000000000000	0.0000000000000	0.0000000000000	0.0000000000000	0.0000000000000	0.0000000000000	0.0000000000000	0.0000000000000	0.0000000000000	0.0000000000000	0.0000000000000	0.0000000000000	0.0000000000000	0.0000000000000	1.0080000000000
6.5	0.8325000000000	-0.0000000055490	0.0038680000000	0.0008518000000	0.0903600000000	0.0000061440000	0.0016890000000	0.0000104300000	-0.0000005760000	0.0000000192900	0.0000310100000	0.0026145000000	0.0002394000000	0.0000000000000	0.0000000000000	0.0000000000000	0.0000000000000	0.0000000000000	0.0000000000000	0.0000000000000	0.0000000000000	0.0000000000000	0.0000000000000	0.0000000000000	0.0000000000000	0.0000000000000	0.0000000000000	1.1000000000000
7.0	0.7512000000000	-0.0000000060230	0.0036140000000	0.0005662000000	0.0447800000000	0.0000064230000	0.0009486000000	0.0000065670000	-0.0000006231000	-0.0000000011990	0.0000045810000	0.0006854300000	0.0000734100000	0.0000000000000	0.0000000000000	0.0000000000000	0.0000000000000	0.0000000000000	0.0000000000000	0.0000000000000	0.0000000000000	0.0000000000000	0.0000000000000	0.0000000000000	0.0000000000000	0.0000000000000	0.0000000000000	1.1700000000000
7.5	0.7224000000000	-0.0000000049870	0.0030970000000	0.0004973000000	0.0293700000000	0.0000074890000	0.0010040000000	0.0000074060000	-0.0000006694000	-0.0000000097860	0.0000016510000	0.0003233600000	0.0000267700000	0.0000000000000	0.0000000000000	0.0000000000000	0.0000000000000	0.0000000000000	0.0000000000000	0.0000000000000	0.0000000000000	0.0000000000000	0.0000000000000	0.0000000000000	0.0000000000000	0.0000000000000	0.0000000000000	1.2300000000000
8.0	0.7224000000000	0.0000000000000	0.0000000000000	0.0000000000000	0.0000000000000	0.0000000000000	0.0000000000000	0.0000000000000	0.0000000000000	0.0000000000000	0.0000000000000	0.0000000000000	0.0000000000000	0.0000000000000	0.0000000000000	0.0000000000000	0.0000000000000	0.0000000000000	0.0000000000000	0.0000000000000	0.0000000000000	0.0000000000000	0.0000000000000	0.0000000000000	0.0000000000000	0.0000000000000	0.0000000000000	1.3100000000000
8.5	0.7224000000000	0.0000000000000	0.0000000000000	0.0000000000000	0.0000000000000	0.0000000000000	0.0000000000000	0.0000000000000	0.0000000000000	0.0000000000000	0.0000000000000	0.0000000000000	0.0000000000000	0.0000000000000	0.0000000000000	0.0000000000000	0.0000000000000	0.0000000000000	0.0000000000000	0.0000000000000	0.0000000000000	0.0000000000000	0.0000000000000	0.0000000000000	0.0000000000000	0.0000000000000	0.0000000000000	1.3100000000000
9.0	0.7224000000000	0.0000000000000	0.0000000000000	0.0000000000000	0.0000000000000	0.0000000000000	0.0000000000000	0.0000000000000	0.0000000000000	0.0000000000000	0.0000000000000	0.0000000000000	0.0000000000000	0.0000000000000	0.0000000000000	0.0000000000000	0.0000000000000	0.0000000000000	0.0000000000000	0.0000000000000	0.0000000000000	0.0000000000000	0.0000000000000	0.0000000000000	0.0000000000000	0.0000000000000	0.0000000000000	1.3100000000000
13.0	4.0136000000000	0.0000000002170	0.0740660000000	0.0000000839050	0.0018322000000	0.0000000638450	0.4496300000000	0.0000016944000	0.0000000579210	0.0000000001170	0.0001440900000	0.0864240000000	0.0037764000000	0.0825520000000	0.0240370000000	0.0000053768000	0.0029359000000	0.0000000211940	0.0000806940000	0.0000165430000	0.0009396900000	0.0001328500000	0.0717270000000	0.0001756300000	0.0025654000000	0.0000051024000	0.0001257300000	1.5700000000000
15.0	4.4008000000000	0.0000000002940	0.1716100000000	0.0000000620530	0.0018580000000	0.0000000686320	0.7727200000000	0.0000015681000	0.0000048937000	0.0000000019720	0.0024470000000	0.0689080000000	0.0013693000000	0.0736290000000	0.0323140000000	0.0000086696000	0.0044322000000	0.0000000403120	0.0000937630000	0.0000108120000	0.0011682000000	0.0001854700000	0.0723730000000	0.0001319500000	0.0020759000000	0.0000037844000	0.0001227300000	1.4800000000000
18.0	5.4219000000000	0.0000000000730	0.2184900000000	0.0000000026270	0.0001891300000	0.0000000239760	1.3788000000000	0.0000002791500	0.0000046303000	0.0000000079100	0.0020781000000	0.1583600000000	0.0031421000000	0.1169900000000	0.0410420000000	0.0000210130000	0.0044141000000	0.0000000553880	0.0000888890000	0.0000123560000	0.0012189000000	0.0001739100000	0.0722870000000	0.0001610200000	0.0019883000000	0.0000040785000	0.0000955850000	1.6500000000000
20.0	5.9363000000000	0.0000000002790	0.2105500000000	0.0000000113760	0.0000542260000	0.0000000113230	2.1053000000000	0.0000000682990	0.0000000252460	0.0000000016250	0.0029023000000	0.1506100000000	0.0013667000000	0.0996710000000	0.0538110000000	0.0000535240000	0.0062447000000	0.0000002553200	0.0001027300000	0.0000110270000	0.0014678000000	0.0002256900000	0.0722920000000	0.0001495500000	0.0017434000000	0.0000035797000	0.0000833980000	1.6600000000000
25.0	8.0268000000000	0.0000000056770	0.2935700000000	0.0000000146550	0.0005912400000	0.0000001174700	2.7910000000000	0.0000014892000	0.0000006745400	0.0000000017100	0.0010266000000	0.1198100000000	0.0008079700000	0.3512100000000	0.1857000000000	0.0000837730000	0.0248150000000	0.0000006163400	0.0001656500000	0.0000090135000	0.0029670000000	0.0004303100000	0.0737980000000	0.0000156580000	0.0004420900000	0.0000001310100	0.0000025601000	1.9200000000000
30.0	9.5219000000000	0.0000000236000	0.3374600000000	0.0000000102020	0.0000016378000	0.0000000167490	4.8120000000000	0.0000000188290	0.0000000020650	0.0000000008940	0.0014159000000	0.2268500000000	0.0026266000000	0.2487400000000	0.1159100000000	0.0000164350000	0.0173620000000	0.0000001510100	0.0001899100000	0.0000105860000	0.0033411000000	0.0005157500000	0.0745770000000	0.0000024730000	0.0003860200000	0.0000000002380	0.0000000003080	2.0700000000000
40.0	11.8930000000000	0.0000000000380	0.4287000000000	0.0000000032150	0.0000005892300	0.0000006292600	8.3820000000000	0.0000000014220	0.0000002128400	0.0000000002380	0.0001842700000	0.4784200000000	0.0146840000000	1.0315000000000	0.3750400000000	0.0001456600000	0.0373370000000	0.0000005813500	0.0002678600000	0.0000175790000	0.0043871000000	0.0007150100000	0.0800010000000	0.0000018748000	0.0005781500000	0.0000000000210	0.0000000000440	2.8900000000000
50.0	15.0420000000000	0.0000000001010	0.5371000000000	0.0000000138690	0.0000152850000	0.0000156420000	10.7580000000000	0.0000000751100	0.0000001832100	0.0000000396730	0.0009848400000	0.6826300000000	0.0171910000000	1.3036000000000	0.5235300000000	0.0001655400000	0.0559230000000	0.0000007210800	0.0002916300000	0.0000198410000	0.0045572000000	0.0008304700000	0.0839690000000	0.0000020709000	0.0008988400000	0.0000000000190	0.0000000000400	4.1467000000000
60.0	18.1920000000000	0.0000000001640	0.6455000000000	0.0000000245230	0.0000299800000	0.0000306560000	13.1340000000000	0.0000001488000	0.0000001535700	0.0000000791090	0.0017854000000	0.8868500000000	0.0196970000000	1.5756000000000	0.6720300000000	0.0001854300000	0.0745080000000	0.0000008608000	0.0003154100000	0.0000221030000	0.0047273000000	0.0009459400000	0.0879370000000	0.0000022669000	0.0012195000000	0.0000000000180	0.0000000000360	5.4033000000000
70.0	21.3410000000000	0.0000000002270	0.7539000000000	0.0000000351760	0.0000446750000	0.0000456690000	15.5090000000000	0.0000002224900	0.0000001239400	0.0000001185400	0.0025860000000	1.0911000000000	0.0222030000000	1.8477000000000	0.8205200000000	0.0002053100000	0.0930930000000	0.0000010005000	0.0003391900000	0.0000243650000	0.0048974000000	0.0010614000000	0.0919050000000	0.0000024630000	0.0015402000000	0.0000000000160	0.0000000000310	6.6600000000000
80.0	24.4910000000000	0.0000000002900	0.8623000000000	0.0000000458300	0.0000593700000	0.0000606820000	17.8850000000000	0.0000002961700	0.0000000943030	0.0000001579800	0.0033866000000	1.2953000000000	0.0247100000000	2.1198000000000	0.9690100000000	0.0002251900000	0.1116800000000	0.0000011402000	0.0003629600000	0.0000266260000	0.0050675000000	0.0011769000000	0.0958740000000	0.0000026591000	0.0018609000000	0.0000000000150	0.0000000000270	7.9167000000000
90.0	27.6400000000000	0.0000000003530	0.9707000000000	0.0000000564840	0.0000740660000	0.0000756950000	20.2610000000000	0.0000003698600	0.0000000646690	0.0000001974100	0.0041871000000	1.4995000000000	0.0272160000000	2.3918000000000	1.1175000000000	0.0002450800000	0.1302600000000	0.0000012800000	0.0003867300000	0.0000288880000	0.0052376000000	0.0012923000000	0.0998420000000	0.0000028551000	0.0021816000000	0.0000000000130	0.0000000000230	9.1733000000000
100.0	30.7900000000000	0.0000000004160	1.0791000000000	0.0000000671380	0.0000887610000	0.0000907080000	22.6370000000000	0.0000004435500	0.0000000350350	0.0000002368500	0.0049877000000	1.7037000000000	0.0297230000000	2.6639000000000	1.2660000000000	0.0002649600000	0.1488500000000	0.0000014197000	0.0004105100000	0.0000311500000	0.0054077000000	0.0014078000000	0.1038100000000	0.0000030512000	0.0025023000000	0.0000000000120	0.0000000000190	10.4300000000000
<0.001	He	Li	C	C_13	N	N_15	O	O_17	O_18	F	Na	Mg	Al	Si	S	K	Ca	Sc	Ti	V	Cr	Mn	Fe	Co	Ni	Cu	Zn	rem
0.5	0.0000000000000	0.0000000000000	0.0000000000000	0.0000000000000	0.0000000000000	0.0000000000000	0.0000000000000	0.0000000000000	0.0000000000000	0.0000000000000	0.0000000000000	0.0000000000000	0.0000000000000	0.0000000000000	0.0000000000000	0.0000000000000	0.0000000000000	0.0000000000000	0.0000000000000	0.0000000000000	0.0000000000000	0.0000000000000	0.0000000000000	0.0000000000000	0.0000000000000	0.0000000000000	0.0000000000000	0.5000000000000
1.0	0.0053180000000	0.0000000001080	0.0002587800000	0.0000002008800	0.0000041060000	0.0000000001440	0.0000116370000	0.0000000721710	-0.0000000042940	0.0000000055430	0.0000000322030	0.0000000216070	0.0000000032270	0.0000000000000	0.0000000000000	0.0000000000000	0.0000000000000	0.0000000000000	0.0000000000000	0.0000000000000	0.0000000000000	0.0000000000000	0.0000000000000	0.0000000000000	0.0000000000000	0.0000000000000	0.0000000000000	0.7200000000000
1.3	0.0259950000000	0.0000000001080	0.0037028000000	0.0000004813300	0.0000196020000	0.0000000016930	0.0000930690000	0.0000000763920	-0.0000000146830	0.0000001558900	0.0000002640500	0.0000001785500	0.0000000177870	0.0000000000000	0.0000000000000	0.0000000000000	0.0000000000000	0.0000000000000	0.0000000000000	0.0000000000000	0.0000000000000	0.0000000000000	0.0000000000000	0.0000000000000	0.0000000000000	0.0000000000000	0.0000000000000	0.6680000000000
1.5	0.0466460000000	0.0000000001190	0.0117100000000	0.0000008999600	0.0000405730000	0.0000000229490	0.0002750300000	0.0000003242800	-0.0000000282050	0.0000012556000	0.0000044785000	0.0000025319000	0.0000000296570	0.0000000000000	0.0000000000000	0.0000000000000	0.0000000000000	0.0000000000000	0.0000000000000	0.0000000000000	0.0000000000000	0.0000000000000	0.0000000000000	0.0000000000000	0.0000000000000	0.0000000000000	0.0000000000000	0.6610000000000
1.8	0.0879190000000	0.0000000000970	0.0233880000000	0.0000011751000	0.0000543260000	0.0000000300150	0.0004287000000	0.0000008234500	-0.0000000487040	0.0000048298000	0.0000361170000	0.0000186800000	0.0000000957930	0.0000000000000	0.0000000000000	0.0000000000000	0.0000000000000	0.0000000000000	0.0000000000000	0.0000000000000	0.0000000000000	0.0000000000000	0.0000000000000	0.0000000000000	0.0000000000000	0.0000000000000	0.0000000000000	0.6640000000000
1.9	0.1068900000000	0.0000000000660	0.0296900000000	0.0000014216000	0.0000639210000	0.0000000140690	0.0004715500000	0.0000008457700	-0.0000000584500	0.0000078963000	0.0000674980000	0.0000404050000	0.0000002308100	0.0000000000000	0.0000000000000	0.0000000000000	0.0000000000000	0.0000000000000	0.0000000000000	0.0000000000000	0.0000000000000	0.0000000000000	0.0000000000000	0.0000000000000	0.0000000000000	0.0000000000000	0.0000000000000	0.6810000000000
2.1	0.1414000000000	-0.0000000000240	0.0410710000000	0.0000016379000	0.0000717040000	0.0000000000000	0.0005569700000	0.0000006961500	-0.0000000689870	0.0000142140000	0.0001285900000	0.0001511900000	0.0000010512000	0.0000000000000	0.0000000000000	0.0000000000000	0.0000000000000	0.0000000000000	0.0000000000000	0.0000000000000	0.0000000000000	0.0000000000000	0.0000000000000	0.0000000000000	0.0000000000000	0.0000000000000	0.0000000000000	0.6962000000000
2.3	0.1578900000000	-0.0000000000620	0.0485150000000	0.0000017866000	0.0000722410000	0.0000000000000	0.0006247300000	0.0000003640700	-0.0000000690090	0.0000186700000	0.0001624100000	0.0002252800000	0.0000019135000	0.0000000000000	0.0000000000000	0.0000000000000	0.0000000000000	0.0000000000000	0.0000000000000	0.0000000000000	0.0000000000000	0.0000000000000	0.0000000000000	0.0000000000000	0.0000000000000	0.0000000000000	0.0000000000000	0.7130000000000
2.5	0.1274900000000	-0.0000000000600	0.0420720000000	0.0000112100000	0.0000383770000	0.0000000000000	0.0005796200000	0.0000005226200	-0.0000000819620	0.0000106050000	0.0000571950000	0.0003141000000	0.0000032749000	0.0000000000000	0.0000000000000	0.0000000000000	0.0000000000000	0.0000000000000	0.0000000000000	0.0000000000000	0.0000000000000	0.0000000000000	0.0000000000000	0.0000000000000	0.0000000000000	0.0000000000000	0.0000000000000	0.7320000000000
3.0	0.0764850000000	0.0000000611570	0.0235960000000	0.0004402900000	0.0000810230000	0.0000000000000	0.0004140600000	0.0000012847000	-0.0000001476800	0.0000017349000	0.0000147510000	0.0001433600000	0.0000016323000	0.0000000000000	0.0000000000000	0.0000000000000	0.0000000000000	0.0000000000000	0.0000000000000	0.0000000000000	0.0000000000000	0.0000000000000	0.0000000000000	0.0000000000000	0.0000000000000	0.0000000000000	0.0000000000000	0.8130000000000
3.5	0.1269100000000	0.0000000061530	0.0059670000000	0.0004061200000	0.0198210000000	0.0000003128900	0.0005149100000	0.0000008054300	-0.0000002773600	0.0000004126700	0.0000174650000	0.0001335400000	0.0000020024000	0.0000000000000	0.0000000000000	0.0000000000000	0.0000000000000	0.0000000000000	0.0000000000000	0.0000000000000	0.0000000000000	0.0000000000000	0.0000000000000	0.0000000000000	0.0000000000000	0.0000000000000	0.0000000000000	0.8540000000000
4.0	0.2033700000000	0.0000000016100	0.0050000000000	0.0004252800000	0.0264480000000	0.0000004838200	0.0006484300000	0.0000011860000	-0.0000003342300	0.0000004633700	0.0000194670000	0.0001750400000	0.0000026807000	0.0000000000000	0.0000000000000	0.0000000000000	0.0000000000000	0.0000000000000	0.0000000000000	0.0000000000000	0.0000000000000	0.0000000000000	0.0000000000000	0.0000000000000	0.0000000000000	0.0000000000000	0.0000000000000	0.8740000000000
4.5	0.2648700000000	0.0000000013290	0.0034416000000	0.0003519000000	0.0224790000000	0.0000004583800	0.0004746300000	0.0000012008000	-0.0000003861800	0.0000002022500	0.0000122750000	0.0001161900000	0.0000019696000	0.0000000000000	0.0000000000000	0.0000000000000	0.0000000000000	0.0000000000000	0.0000000000000	0.0000000000000	0.0000000000000	0.0000000000000	0.0000000000000	0.0000000000000	0.0000000000000	0.0000000000000	0.0000000000000	0.8970000000000
5.0	0.3419900000000	0.0000000007230	0.0026457000000	0.0003849400000	0.0228880000000	0.0000005867600	0.0003816700000	0.0000014066000	-0.0000004386600	0.0000000649960	0.0000104690000	0.0001297000000	0.0000026228000	0.0000000000000	0.0000000000000	0.0000000000000	0.0000000000000	0.0000000000000	0.0000000000000	0.0000000000000	0.0000000000000	0.0000000000000	0.0000000000000	0.0000000000000	0.0000000000000	0.0000000000000	0.0000000000000	0.9290000000000
5.5	0.4228600000000	0.0000000000680	0.0025914000000	0.0004177000000	0.0284260000000	0.0000008694100	0.0003699300000	0.0000019258000	-0.0000004891600	0.0000000394820	0.0000126560000	0.0002315100000	0.0000066348000	0.0000000000000	0.0000000000000	0.0000000000000	0.0000000000000	0.0000000000000	0.0000000000000	0.0000000000000	0.0000000000000	0.0000000000000	0.0000000000000	0.0000000000000	0.0000000000000	0.0000000000000	0.0000000000000	0.9660000000000
6.0	0.5181700000000	-0.0000000001040	0.0018626000000	0.0003893300000	0.0337970000000	0.0000021831000	0.0006352700000	0.0000030072000	-0.0000005386500	0.0000000090310	0.0000125760000	0.0003451200000	0.0000176990000	0.0000000000000	0.0000000000000	0.0000000000000	0.0000000000000	0.0000000000000	0.0000000000000	0.0000000000000	0.0000000000000	0.0000000000000	0.0000000000000	0.0000000000000	0.0000000000000	0.0000000000000	0.0000000000000	1.0080000000000
6.5	0.5991000000000	-0.0000000056380	0.0044720000000	0.0004070000000	0.0268300000000	0.0000002843000	-0.0017190000000	0.0000029660000	-0.0000057930000	-0.0000000666700	-0.0000042140000	0.0003127300000	0.0000337200000	0.0000000000000	0.0000000000000	0.0000000000000	0.0000000000000	0.0000000000000	0.0000000000000	0.0000000000000	0.0000000000000	0.0000000000000	0.0000000000000	0.0000000000000	0.0000000000000	0.0000000000000	0.0000000000000	1.0700000000000
7.0	0.6148000000000	-0.0000000059280	0.0026830000000	0.0003179000000	0.0146000000000	0.0000001101000	-0.0019520000000	0.0000039630000	-0.0000062470000	-0.0000001226000	-0.0000083650000	0.0001419600000	0.0000209900000	0.0000000000000	0.0000000000000	0.0000000000000	0.0000000000000	0.0000000000000	0.0000000000000	0.0000000000000	0.0000000000000	0.0000000000000	0.0000000000000	0.0000000000000	0.0000000000000	0.0000000000000	0.0000000000000	1.1400000000000
7.5	0.6626000000000	0.0000000436400	0.0030030000000	0.0003770000000	0.0185800000000	0.0000014570000	0.0002291000000	0.0000197300000	-0.0000066800000	-0.0000001529000	0.0000003327000	0.0002069900000	0.0000117400000	0.0000000000000	0.0000000000000	0.0000000000000	0.0000000000000	0.0000000000000	0.0000000000000	0.0000000000000	0.0000000000000	0.0000000000000	0.0000000000000	0.0000000000000	0.0000000000000	0.0000000000000	0.0000000000000	1.2100000000000
8.0	0.6626000000000	0.0000000000000	0.0000000000000	0.0000000000000	0.0000000000000	0.0000000000000	0.0000000000000	0.0000000000000	0.0000000000000	0.0000000000000	0.0000000000000	0.0000000000000	0.0000000000000	0.0000000000000	0.0000000000000	0.0000000000000	0.0000000000000	0.0000000000000	0.0000000000000	0.0000000000000	0.0000000000000	0.0000000000000	0.0000000000000	0.0000000000000	0.0000000000000	0.0000000000000	0.0000000000000	1.3100000000000
8.5	0.6626000000000	0.0000000000000	0.0000000000000	0.0000000000000	0.0000000000000	0.0000000000000	0.0000000000000	0.0000000000000	0.0000000000000	0.0000000000000	0.0000000000000	0.0000000000000	0.0000000000000	0.0000000000000	0.0000000000000	0.0000000000000	0.0000000000000	0.0000000000000	0.0000000000000	0.0000000000000	0.0000000000000	0.0000000000000	0.0000000000000	0.0000000000000	0.0000000000000	0.0000000000000	0.0000000000000	1.3100000000000
9.0	0.6626000000000	0.0000000000000	0.0000000000000	0.0000000000000	0.0000000000000	0.0000000000000	0.0000000000000	0.0000000000000	0.0000000000000	0.0000000000000	0.0000000000000	0.0000000000000	0.0000000000000	0.0000000000000	0.0000000000000	0.0000000000000	0.0000000000000	0.0000000000000	0.0000000000000	0.0000000000000	0.0000000000000	0.0000000000000	0.0000000000000	0.0000000000000	0.0000000000000	0.0000000000000	0.0000000000000	1.3100000000000
13.0	3.8551000000000	0.0000000006340	0.1072200000000	0.0001673500000	0.0090697000000	0.0000075675000	0.5044300000000	0.0000696360000	0.0018065000000	0.0000030710000	0.0005412200000	0.0658440000000	0.0035675000000	0.0931710000000	0.0381380000000	0.0000275020000	0.0047611000000	0.0000002521200	0.0001077700000	0.0000089649000	0.0013014000000	0.0002270300000	0.0755830000000	0.0000891240000	0.0022981000000	0.0000129030000	0.0000895700000	1.6500000000000
15.0	5.1590000000000	0.0000000000000	0.0849610000000	0.0000537800000	0.0035754000000	0.0000008592100	0.2936400000000	0.0000255660000	0.0003662500000	0.0000001976600	0.0019555000000	0.0657230000000	0.0023484000000	0.0436720000000	0.0166790000000	0.0000044612000	0.0017469000000	0.0000000508270	0.0000791310000	0.0000161580000	0.0003452100000	0.0000800530000	0.0732540000000	0.0002315700000	0.0037385000000	0.0000063540000	0.0000696560000	1.5300000000000
18.0	6.5387000000000	0.0000000000010	0.1294700000000	0.0000719720000	0.0044698000000	0.0000009206200	0.4221300000000	0.0000242030000	0.0003059400000	0.0000003322900	0.0020861000000	0.0612110000000	0.0023072000000	0.1543900000000	0.0797600000000	0.0000678970000	0.0080935000000	0.0000003545200	0.0001107200000	0.0000075653000	0.0016400000000	0.0002811700000	0.0744080000000	0.0000629560000	0.0032754000000	0.0000039210000	0.0000619240000	1.7000000000000
20.0	5.9393000000000	0.0000000000850	0.1281500000000	0.0000195960000	0.0128590000000	0.0000013672000	2.1827000000000	0.0000217690000	0.0000080941000	0.0000028049000	0.0018058000000	0.2471000000000	0.0069768000000	0.1300000000000	0.0565880000000	0.0000159570000	0.0092083000000	0.0000002158700	0.0001457400000	0.0000082384000	0.0023838000000	0.0003798000000	0.0740490000000	0.0000620740000	0.0007109300000	0.0000176980000	0.0000348550000	1.8500000000000
25.0	6.9738000000000	0.0000000000010	0.2151800000000	0.0000981400000	0.0091979000000	0.0000072367000	3.8181000000000	0.0000278660000	0.0000704930000	0.0000006124300	0.0080858000000	0.1822900000000	0.0050466000000	0.1207400000000	0.0553810000000	0.0000174800000	0.0079480000000	0.0000003235800	0.0001249700000	0.0000075299000	0.0023245000000	0.0002985600000	0.0739270000000	0.0000342270000	0.0004128900000	0.0000293210000	0.0000507900000	1.9100000000000
30.0	8.3787000000000	0.0000000000010	0.1205100000000	0.0000819800000	0.0061925000000	0.0000003787900	5.3282000000000	0.0000486990000	0.0000269380000	0.0000023862000	0.0068595000000	0.2937800000000	0.0087276000000	0.1664500000000	0.0785480000000	0.0000276980000	0.0117500000000	0.0000004224100	0.0001787900000	0.0000099667000	0.0031361000000	0.0005006800000	0.0752160000000	0.0000538580000	0.0007099700000	0.0000419940000	0.0000846750000	2.0600000000000
40.0	10.8530000000000	0.0000000000070	0.0736660000000	0.0002816100000	0.0086877000000	0.0000024450000	8.3728000000000	0.0000286160000	0.0000262680000	0.0000044734000	0.0009001200000	0.7077000000000	0.0301070000000	0.8975600000000	0.3315200000000	0.0001266500000	0.0366370000000	0.0000009919000	0.0002789400000	0.0000194620000	0.0043345000000	0.0007861900000	0.0826300000000	0.0000442090000	0.0010567000000	0.0000430370000	0.0001112800000	3.1700000000000
50.0	10.8530000000000	0.0000000000070	0.0736660000000	0.0002816100000	0.0086877000000	0.0000024450000	8.3728000000000	0.0000286160000	0.0000262680000	0.0000044734000	0.0009001200000	0.7077000000000	0.0301070000000	0.8975600000000	0.3315200000000	0.0001266500000	0.0366370000000	0.0000009919000	0.0002789400000	0.0000194620000	0.0043345000000	0.0007861900000	0.0826300000000	0.0000442090000	0.0010567000000	0.0000430370000	0.0001112800000	3.1700000000000
60.0	10.8530000000000	0.0000000000070	0.0736660000000	0.0002816100000	0.0086877000000	0.0000024450000	8.3728000000000	0.0000286160000	0.0000262680000	0.0000044734000	0.0009001200000	0.7077000000000	0.0301070000000	0.8975600000000	0.3315200000000	0.0001266500000	0.0366370000000	0.0000009919000	0.0002789400000	0.0000194620000	0.0043345000000	0.0007861900000	0.0826300000000	0.0000442090000	0.0010567000000	0.0000430370000	0.0001112800000	3.1700000000000
70.0	10.8530000000000	0.0000000000070	0.0736660000000	0.0002816100000	0.0086877000000	0.0000024450000	8.3728000000000	0.0000286160000	0.0000262680000	0.0000044734000	0.0009001200000	0.7077000000000	0.0301070000000	0.8975600000000	0.3315200000000	0.0001266500000	0.0366370000000	0.0000009919000	0.0002789400000	0.0000194620000	0.0043345000000	0.0007861900000	0.0826300000000	0.0000442090000	0.0010567000000	0.0000430370000	0.0001112800000	3.1700000000000
80.0	10.8530000000000	0.0000000000070	0.0736660000000	0.0002816100000	0.0086877000000	0.0000024450000	8.3728000000000	0.0000286160000	0.0000262680000	0.0000044734000	0.0009001200000	0.7077000000000	0.0301070000000	0.8975600000000	0.3315200000000	0.0001266500000	0.0366370000000	0.0000009919000	0.0002789400000	0.0000194620000	0.0043345000000	0.0007861900000	0.0826300000000	0.0000442090000	0.0010567000000	0.0000430370000	0.0001112800000	3.1700000000000
90.0	10.8530000000000	0.0000000000070	0.0736660000000	0.0002816100000	0.0086877000000	0.0000024450000	8.3728000000000	0.0000286160000	0.0000262680000	0.0000044734000	0.0009001200000	0.7077000000000	0.0301070000000	0.8975600000000	0.3315200000000	0.0001266500000	0.0366370000000	0.0000009919000	0.0002789400000	0.0000194620000	0.0043345000000	0.0007861900000	0.0826300000000	0.0000442090000	0.0010567000000	0.0000430370000	0.0001112800000	3.1700000000000
100.0	10.8530000000000	0.0000000000070	0.0736660000000	0.0002816100000	0.0086877000000	0.0000024450000	8.3728000000000	0.0000286160000	0.0000262680000	0.0000044734000	0.0009001200000	0.7077000000000	0.0301070000000	0.8975600000000	0.3315200000000	0.0001266500000	0.0366370000000	0.0000009919000	0.0002789400000	0.0000194620000	0.0043345000000	0.0007861900000	0.0826300000000	0.0000442090000	0.0010567000000	0.0000430370000	0.0001112800000	3.1700000000000
<0.004	He	Li	C	C_13	N	N_15	O	O_17	O_18	F	Na	Mg	Al	Si	S	K	Ca	Sc	Ti	V	Cr	Mn	Fe	Co	Ni	Cu	Zn	rem
0.5	0.0000000000000	0.0000000000000	0.0000000000000	0.0000000000000	0.0000000000000	0.0000000000000	0.0000000000000	0.0000000000000	0.0000000000000	0.0000000000000	0.0000000000000	0.0000000000000	0.0000000000000	0.0000000000000	0.0000000000000	0.0000000000000	0.0000000000000	0.0000000000000	0.0000000000000	0.0000000000000	0.0000000000000	0.0000000000000	0.0000000000000	0.0000000000000	0.0000000000000	0.0000000000000	0.0000000000000	0.5000000000000
1.0	0.0080121000000	-0.0000000002340	-0.0000430330000	0.0000043886000	0.0000497500000	0.0000000000000	-0.0000049506000	0.0000003418900	-0.0000001501100	-0.0000000002900	0.0000001841300	-0.0000000004220	0.0000000017580	0.0000000000000	0.0000000000000	0.0000000000000	0.0000000000000	0.0000000000000	0.0000000000000	0.0000000000000	0.0000000000000	0.0000000000000	0.0000000000000	0.0000000000000	0.0000000000000	0.0000000000000	0.0000000000000	0.6100000000000
1.3	0.0144200000000	-0.0000000005020	0.0000179850000	0.0000065950000	0.0001196400000	0.0000000000000	-0.0000043489000	0.0000006666500	-0.0000004783100	0.0000000019620	0.0000003780700	-0.0000000091770	0.0000000299720	0.0000000000000	0.0000000000000	0.0000000000000	0.0000000000000	0.0000000000000	0.0000000000000	0.0000000000000	0.0000000000000	0.0000000000000	0.0000000000000	0.0000000000000	0.0000000000000	0.0000000000000	0.0000000000000	0.6420000000000
1.5	0.0194800000000	-0.0000000009740	0.0017035000000	0.0000100480000	0.0002040600000	0.0000000000000	0.0000278690000	0.0000017940000	-0.0000008934100	0.0000000484300	0.0000014316000	-0.0000000380460	0.0000001869400	0.0000000000000	0.0000000000000	0.0000000000000	0.0000000000000	0.0000000000000	0.0000000000000	0.0000000000000	0.0000000000000	0.0000000000000	0.0000000000000	0.0000000000000	0.0000000000000	0.0000000000000	0.0000000000000	0.6280000000000
1.8	0.0316790000000	-0.0000000013330	0.0052782000000	0.0000107280000	0.0003066000000	0.0000000000000	0.0001008800000	0.0000073289000	-0.0000014506000	0.0000002371200	0.0000039035000	0.0000001274200	0.0000004581100	0.0000000000000	0.0000000000000	0.0000000000000	0.0000000000000	0.0000000000000	0.0000000000000	0.0000000000000	0.0000000000000	0.0000000000000	0.0000000000000	0.0000000000000	0.0000000000000	0.0000000000000	0.0000000000000	0.6300000000000
1.9	0.0396160000000	-0.0000000016080	0.0086435000000	0.0000118180000	0.0003576300000	0.0000000000000	0.0001294100000	0.0000120260000	-0.0000017796000	0.0000005961700	0.0000062525000	0.0000006713100	0.0000007234700	0.0000000000000	0.0000000000000	0.0000000000000	0.0000000000000	0.0000000000000	0.0000000000000	0.0000000000000	0.0000000000000	0.0000000000000	0.0000000000000	0.0000000000000	0.0000000000000	0.0000000000000	0.0000000000000	0.6400000000000
2.1	0.0412570000000	-0.0000000019150	0.0115490000000	0.0000135830000	0.0003648100000	0.0000000000000	0.0001467300000	0.0000104460000	-0.0000021284000	0.0000010361000	0.0000079916000	0.0000075821000	0.0000009986100	0.0000000000000	0.0000000000000	0.0000000000000	0.0000000000000	0.0000000000000	0.0000000000000	0.0000000000000	0.0000000000000	0.0000000000000	0.0000000000000	0.0000000000000	0.0000000000000	0.0000000000000	0.0000000000000	0.6500000000000
2.3	0.0744650000000	-0.0000000021060	0.0228660000000	0.0000128980000	0.0004507500000	0.0000000000000	0.0001766600000	0.0000180550000	-0.0000024359000	0.0000040277000	0.0000277580000	0.0000139690000	0.0000016611000	0.0000000000000	0.0000000000000	0.0000000000000	0.0000000000000	0.0000000000000	0.0000000000000	0.0000000000000	0.0000000000000	0.0000000000000	0.0000000000000	0.0000000000000	0.0000000000000	0.0000000000000	0.0000000000000	0.6640000000000
2.5	0.1115100000000	-0.0000000028080	0.0337830000000	0.0000142660000	0.0005833700000	0.0000000000000	0.0000725680000	0.0000153170000	-0.0000030691000	0.0000087335000	0.0000648450000	0.0000458080000	0.0000025015000	0.0000000000000	0.0000000000000	0.0000000000000	0.0000000000000	0.0000000000000	0.0000000000000	0.0000000000000	0.0000000000000	0.0000000000000	0.0000000000000	0.0000000000000	0.0000000000000	0.0000000000000	0.0000000000000	0.6710000000000
3.0	0.1174400000000	-0.0000000042020	0.0378060000000	0.0000198920000	0.0007151400000	0.0000000000000	-0.0000078427000	0.0000170880000	-0.0000038952000	0.0000113180000	0.0000446550000	0.0001515300000	0.0000060064000	0.0000000000000	0.0000000000000	0.0000000000000	0.0000000000000	0.0000000000000	0.0000000000000	0.0000000000000	0.0000000000000	0.0000000000000	0.0000000000000	0.0000000000000	0.0000000000000	0.0000000000000	0.0000000000000	0.7310000000000
3.5	0.0690870000000	0.0000000158190	0.0228480000000	0.0003436500000	0.0010836000000	0.0000000000000	0.0000927480000	0.0000105480000	-0.0000101020000	0.0000030721000	0.0000182660000	0.0001387900000	0.0000079837000	0.0000000000000	0.0000000000000	0.0000000000000	0.0000000000000	0.0000000000000	0.0000000000000	0.0000000000000	0.0000000000000	0.0000000000000	0.0000000000000	0.0000000000000	0.0000000000000	0.0000000000000	0.0000000000000	0.8140000000000
4.0	0.1295700000000	0.0000000074750	0.0073392000000	0.0016830000000	0.0230450000000	0.0000000000000	0.0000201130000	0.0000065037000	-0.0000135440000	0.0000021534000	0.0000269100000	0.0002441800000	0.0000077783000	0.0000000000000	0.0000000000000	0.0000000000000	0.0000000000000	0.0000000000000	0.0000000000000	0.0000000000000	0.0000000000000	0.0000000000000	0.0000000000000	0.0000000000000	0.0000000000000	0.0000000000000	0.0000000000000	0.8520000000000
4.5	0.2159300000000	-0.0000000058720	0.0032271000000	0.0006577300000	0.0451240000000	0.0000000000000	-0.0008789200000	0.0000095905000	-0.0000156100000	0.0000005425600	0.0000456250000	0.0004283500000	0.0000121950000	0.0000000000000	0.0000000000000	0.0000000000000	0.0000000000000	0.0000000000000	0.0000000000000	0.0000000000000	0.0000000000000	0.0000000000000	0.0000000000000	0.0000000000000	0.0000000000000	0.0000000000000	0.0000000000000	0.8720000000000
5.0	0.3593300000000	-0.0000000076120	0.0026620000000	0.0007161300000	0.0649040000000	0.0000000000000	-0.0027454000000	0.0000093489000	-0.0000176360000	0.0000002259300	0.0000749060000	0.0008723600000	0.0000204410000	0.0000000000000	0.0000000000000	0.0000000000000	0.0000000000000	0.0000000000000	0.0000000000000	0.0000000000000	0.0000000000000	0.0000000000000	0.0000000000000	0.0000000000000	0.0000000000000	0.0000000000000	0.0000000000000	0.9050000000000
5.5	0.3801600000000	-0.0000000084470	0.0026022000000	0.0006789500000	0.0477600000000	0.0000000000000	-0.0031915000000	0.0000117410000	-0.0000196620000	0.0000000774800	0.0000464050000	0.0004789500000	0.0000110910000	0.0000000000000	0.0000000000000	0.0000000000000	0.0000000000000	0.0000000000000	0.0000000000000	0.0000000000000	0.0000000000000	0.0000000000000	0.0000000000000	0.0000000000000	0.0000000000000	0.0000000000000	0.0000000000000	0.9320000000000
6.0	0.5031200000000	-0.0000000093470	0.0012989000000	0.0006444300000	0.0528710000000	0.0000000000000	-0.0058275000000	0.0000091775000	-0.0000216420000	-0.0000002337800	0.0000148100000	0.0006096000000	0.0000259190000	0.0000000000000	0.0000000000000	0.0000000000000	0.0000000000000	0.0000000000000	0.0000000000000	0.0000000000000	0.0000000000000	0.0000000000000	0.0000000000000	0.0000000000000	0.0000000000000	0.0000000000000	0.0000000000000	0.9770000000000
6.5	0.5272000000000	-0.0000000116300	0.0032970000000	0.0004828000000	0.0289100000000	-0.0000035900000	-0.0050690000000	0.0000179000000	-0.0000232500000	-0.0000002070000	0.0000138000000	0.0004192900000	0.0000149100000	0.0000000000000	0.0000000000000	0.0000000000000	0.0000000000000	0.0000000000000	0.0000000000000	0.0000000000000	0.0000000000000	0.0000000000000	0.0000000000000	0.0000000000000	0.0000000000000	0.0000000000000	0.0000000000000	1.0100000000000
7.0	0.5719000000000	-0.0000000121700	0.0018470000000	0.0003528000000	0.0198000000000	-0.0000040400000	-0.0048120000000	0.0000293400000	-0.0000251200000	-0.0000004325000	0.0000083160000	0.0002664800000	0.0000119300000	0.0000000000000	0.0000000000000	0.0000000000000	0.0000000000000	0.0000000000000	0.0000000000000	0.0000000000000	0.0000000000000	0.0000000000000	0.0000000000000	0.0000000000000	0.0000000000000	0.0000000000000	0.0000000000000	1.0600000000000
7.5	0.6145000000000	0.0000000124900	0.0020760000000	0.0003742000000	0.0177300000000	-0.0000039410000	-0.0043290000000	0.0000438800000	-0.0000268200000	-0.0000005895000	0.0000043800000	0.0003132100000	0.0000127400000	0.0000000000000	0.0000000000000	0.0000000000000	0.0000000000000	0.0000000000000	0.0000000000000	0.0000000000000	0.0000000000000	0.0000000000000	0.0000000000000	0.0000000000000	0.0000000000000	0.0000000000000	0.0000000000000	1.1600000000000
8.0	0.6685000000000	0.0000001234000	0.0022640000000	0.0004544000000	0.0242600000000	-0.0000021810000	-0.0018910000000	0.0000664300000	-0.0000279100000	-0.0000006017000	0.0000213600000	0.0003243300000	0.0000111900000	0.0000000000000	0.0000000000000	0.0000000000000	0.0000000000000	0.0000000000000	0.0000000000000	0.0000000000000	0.0000000000000	0.0000000000000	0.0000000000000	0.0000000000000	0.0000000000000	0.0000000000000	0.0000000000000	1.2300000000000
8.5	0.6685000000000	0.0000000000000	0.0000000000000	0.0000000000000	0.0000000000000	0.0000000000000	0.0000000000000	0.0000000000000	0.0000000000000	0.0000000000000	0.0000000000000	0.0000000000000	0.0000000000000	0.0000000000000	0.0000000000000	0.0000000000000	0.0000000000000	0.0000000000000	0.0000000000000	0.0000000000000	0.0000000000000	0.0000000000000	0.0000000000000	0.0000000000000	0.0000000000000	0.0000000000000	0.0000000000000	1.3100000000000
9.0	4.0352000000000	0.0000000000000	0.0878320000000	0.0001883600000	0.0000000000000	0.0000068382000	0.3853200000000	0.0000875290000	0.0019507000000	0.0000019770000	0.0014977000000	0.0464290000000	0.0022064000000	0.0622520000000	0.0272750000000	0.0000196940000	0.0039390000000	0.0000002163500	0.0000963740000	0.0000130960000	0.0011920000000	0.0002003600000	0.0749300000000	0.0001960200000	0.0024035000000	0.0000143030000	0.0001249000000	1.6100000000000
13.0	4.9483000000000	0.0000000000000	0.0880910000000	0.0002092100000	0.0090801000000	0.0000086986000	0.2922400000000	0.0000866060000	0.0009680000000	0.0000021339000	0.0008189200000	0.0784440000000	0.0033062000000	0.1052800000000	0.0355290000000	0.0000344620000	0.0031140000000	0.0000002478500	0.0000869850000	0.0000095610000	0.0010510000000	0.0001707500000	0.0754020000000	0.0001308900000	0.0022135000000	0.0000068801000	0.0001225700000	1.5000000000000
15.0	5.0555000000000	0.0000000000490	0.1580400000000	0.0006027200000	0.0129420000000	0.0000561640000	1.5461000000000	0.0001044400000	0.0001144200000	0.0000138490000	0.0004344500000	0.1163400000000	0.0052231000000	0.2198300000000	0.1192000000000	0.0000469350000	0.0200180000000	0.0000004380600	0.0002669500000	0.0000156980000	0.0041866000000	0.0007205400000	0.0789580000000	0.0000357850000	0.0007628600000	0.0000268620000	0.0000580580000	2.1430000000000
18.0	7.0339000000000	0.0000000000020	0.0974000000000	0.0002919600000	0.0142150000000	0.0000278340000	0.9935900000000	0.0001038200000	0.0012800000000	0.0000053618000	0.0040688000000	0.1006200000000	0.0051332000000	0.1266300000000	0.0525870000000	0.0000343630000	0.0065247000000	0.0000003608300	0.0001250900000	0.0000080231000	0.0017940000000	0.0003292800000	0.0776510000000	0.0000620660000	0.0019547000000	0.0000236750000	0.0000915260000	1.7600000000000
20.0	8.4773000000000	0.0000000000000	0.1323000000000	0.0003824500000	0.0184250000000	0.0000952650000	2.2006000000000	0.0001120400000	0.0008476400000	0.0000850100000	0.0062494000000	0.2456000000000	0.0112310000000	0.1220800000000	0.0356550000000	0.0000298180000	0.0038040000000	0.0000005300600	0.0001073500000	0.0000140850000	0.0013446000000	0.0002335100000	0.0773200000000	0.0002170000000	0.0026138000000	0.0000744620000	0.0002269200000	1.6800000000000
25.0	7.9202000000000	0.0000000000010	0.1815300000000	0.0003390700000	0.0314840000000	0.0000049812000	4.7883000000000	0.0001201200000	0.0000434770000	0.0000115800000	0.0140820000000	0.2323200000000	0.0168500000000	0.4033600000000	0.1921200000000	0.0001153900000	0.0259200000000	0.0000010941000	0.0002646700000	0.0000177400000	0.0040665000000	0.0007614600000	0.0826440000000	0.0001284700000	0.0014019000000	0.0001216600000	0.0002740000000	2.5600000000000
30.0	8.1160000000000	0.0000000000050	0.4583300000000	0.0003676900000	0.0200470000000	0.0000050057000	7.9612000000000	0.0001586600000	0.0008369500000	0.0000010409000	0.0260760000000	0.4043300000000	0.0303990000000	0.5341500000000	0.2286200000000	0.0001128900000	0.0283060000000	0.0000016409000	0.0003093600000	0.0000221360000	0.0044853000000	0.0008377600000	0.0852900000000	0.0001910100000	0.0020313000000	0.0002492100000	0.0005822500000	2.8100000000000
40.0	8.1160000000000	0.0000000000050	0.4583300000000	0.0003676900000	0.0259530000000	0.0000050057000	7.9612000000000	0.0001586600000	0.0008369500000	0.0000010409000	0.0260760000000	0.4043300000000	0.0303990000000	0.5341500000000	0.2286200000000	0.0001128900000	0.0283060000000	0.0000016409000	0.0003093600000	0.0000221360000	0.0044853000000	0.0008377600000	0.0852900000000	0.0001910100000	0.0020313000000	0.0002492100000	0.0005822500000	2.8100000000000
50.0	8.1160000000000	0.0000000000050	0.4583300000000	0.0003676900000	0.0259530000000	0.0000050057000	7.9612000000000	0.0001586600000	0.0008369500000	0.0000010409000	0.0260760000000	0.4043300000000	0.0303990000000	0.5341500000000	0.2286200000000	0.0001128900000	0.0283060000000	0.0000016409000	0.0003093600000	0.0000221360000	0.0044853000000	0.0008377600000	0.0852900000000	0.0001910100000	0.0020313000000	0.0002492100000	0.0005822500000	2.8100000000000
60.0	8.1160000000000	0.0000000000050	0.4583300000000	0.0003676900000	0.0259530000000	0.0000050057000	7.9612000000000	0.0001586600000	0.0008369500000	0.0000010409000	0.0260760000000	0.4043300000000	0.0303990000000	0.5341500000000	0.2286200000000	0.0001128900000	0.0283060000000	0.0000016409000	0.0003093600000	0.0000221360000	0.0044853000000	0.0008377600000	0.0852900000000	0.0001910100000	0.0020313000000	0.0002492100000	0.0005822500000	2.8100000000000
70.0	8.1160000000000	0.0000000000050	0.4583300000000	0.0003676900000	0.0259530000000	0.0000050057000	7.9612000000000	0.0001586600000	0.0008369500000	0.0000010409000	0.0260760000000	0.4043300000000	0.0303990000000	0.5341500000000	0.2286200000000	0.0001128900000	0.0283060000000	0.0000016409000	0.0003093600000	0.0000221360000	0.0044853000000	0.0008377600000	0.0852900000000	0.0001910100000	0.0020313000000	0.0002492100000	0.0005822500000	2.8100000000000
80.0	8.1160000000000	0.0000000000050	0.4583300000000	0.0003676900000	0.0259530000000	0.0000050057000	7.9612000000000	0.0001586600000	0.0008369500000	0.0000010409000	0.0260760000000	0.4043300000000	0.0303990000000	0.5341500000000	0.2286200000000	0.0001128900000	0.0283060000000	0.0000016409000	0.0003093600000	0.0000221360000	0.0044853000000	0.0008377600000	0.0852900000000	0.0001910100000	0.0020313000000	0.0002492100000	0.0005822500000	2.8100000000000
90.0	8.1160000000000	0.0000000000050	0.4583300000000	0.0003676900000	0.0259530000000	0.0000050057000	7.9612000000000	0.0001586600000	0.0008369500000	0.0000010409000	0.0260760000000	0.4043300000000	0.0303990000000	0.5341500000000	0.2286200000000	0.0001128900000	0.0283060000000	0.0000016409000	0.0003093600000	0.0000221360000	0.0044853000000	0.0008377600000	0.0852900000000	0.0001910100000	0.0020313000000	0.0002492100000	0.0005822500000	2.8100000000000
100.0	0.6685000000000	0.0000000000000	0.0000000000000	0.0000000000000	0.0259530000000	0.0000000000000	0.0000000000000	0.0000000000000	0.0000000000000	0.0000000000000	0.0000000000000	0.0000000000000	0.0000000000000	0.0000000000000	0.0000000000000	0.0000000000000	0.0000000000000	0.0000000000000	0.0000000000000	0.0000000000000	0.0000000000000	0.0000000000000	0.0000000000000	0.0000000000000	0.0000000000000	0.0000000000000	0.0000000000000	1.3100000000000
<0.008	He	Li	C	C_13	N	N_15	O	O_17	O_18	F	Na	Mg	Al	Si	S	K	Ca	Sc	Ti	V	Cr	Mn	Fe	Co	Ni	Cu	Zn	rem
0.5	0.0000000000000	0.0000000000000	0.0000000000000	0.0000000000000	0.0000000000000	0.0000000000000	0.0000000000000	0.0000000000000	0.0000000000000	0.0000000000000	0.0000000000000	0.0000000000000	0.0000000000000	0.0000000000000	0.0000000000000	0.0000000000000	0.0000000000000	0.0000000000000	0.0000000000000	0.0000000000000	0.0000000000000	0.0000000000000	0.0000000000000	0.0000000000000	0.0000000000000	0.0000000000000	0.0000000000000	0.5000000000000
1.0	0.0085845000000	-0.0000000006540	-0.0000789220000	0.0000094678000	0.0000850870000	0.0000000000000	-0.0000035883000	0.0000003800000	-0.0000002314500	-0.0000000001260	0.0000001708100	0.0000000004430	0.0000000001250	0.0000000000000	0.0000000000000	0.0000000000000	0.0000000000000	0.0000000000000	0.0000000000000	0.0000000000000	0.0000000000000	0.0000000000000	0.0000000000000	0.0000000000000	0.0000000000000	0.0000000000000	0.0000000000000	0.5770000000000
1.3	0.0141880000000	-0.0000000012200	-0.0002030100000	0.0000144060000	0.0002285900000	0.0000000000000	-0.0000079062000	0.0000009528400	-0.0000008955200	0.0000000000390	0.0000004427800	0.0000000010730	0.0000000003000	0.0000000000000	0.0000000000000	0.0000000000000	0.0000000000000	0.0000000000000	0.0000000000000	0.0000000000000	0.0000000000000	0.0000000000000	0.0000000000000	0.0000000000000	0.0000000000000	0.0000000000000	0.0000000000000	0.6000000000000
1.5	0.0169410000000	-0.0000000019410	-0.0000862060000	0.0000196680000	0.0003939000000	0.0000000000000	-0.0000092513000	0.0000029964000	-0.0000016747000	0.0000000096440	0.0000015566000	-0.0000000255660	0.0000000657470	0.0000000000000	0.0000000000000	0.0000000000000	0.0000000000000	0.0000000000000	0.0000000000000	0.0000000000000	0.0000000000000	0.0000000000000	0.0000000000000	0.0000000000000	0.0000000000000	0.0000000000000	0.0000000000000	0.6330000000000
1.8	0.0224170000000	-0.0000000028340	0.0024703000000	0.0000240190000	0.0005711800000	0.0000000000000	0.0000241800000	0.0000089274000	-0.0000026477000	0.0000001517000	0.0000049945000	-0.0000000305700	0.0000004214600	0.0000000000000	0.0000000000000	0.0000000000000	0.0000000000000	0.0000000000000	0.0000000000000	0.0000000000000	0.0000000000000	0.0000000000000	0.0000000000000	0.0000000000000	0.0000000000000	0.0000000000000	0.0000000000000	0.6360000000000
1.9	0.0252090000000	-0.0000000032860	0.0046137000000	0.0000251340000	0.0006336800000	0.0000000000000	0.0000470110000	0.0000143330000	-0.0000030926000	0.0000003156700	0.0000073985000	0.0000001548700	0.0000007143100	0.0000000000000	0.0000000000000	0.0000000000000	0.0000000000000	0.0000000000000	0.0000000000000	0.0000000000000	0.0000000000000	0.0000000000000	0.0000000000000	0.0000000000000	0.0000000000000	0.0000000000000	0.0000000000000	0.6400000000000
2.1	0.0369870000000	-0.0000000039240	0.0095909000000	0.0000276140000	0.0007817800000	0.0000000000000	0.0000045915000	0.0000210650000	-0.0000038831000	0.0000009391200	0.0000133030000	0.0000022308000	0.0000013351000	0.0000000000000	0.0000000000000	0.0000000000000	0.0000000000000	0.0000000000000	0.0000000000000	0.0000000000000	0.0000000000000	0.0000000000000	0.0000000000000	0.0000000000000	0.0000000000000	0.0000000000000	0.0000000000000	0.6440000000000
2.3	0.0493210000000	-0.0000000042460	0.0139350000000	0.0000282030000	0.0008597000000	0.0000000000000	-0.0000249370000	0.0000234130000	-0.0000042947000	0.0000018861000	0.0000198700000	0.0000036693000	0.0000019397000	0.0000000000000	0.0000000000000	0.0000000000000	0.0000000000000	0.0000000000000	0.0000000000000	0.0000000000000	0.0000000000000	0.0000000000000	0.0000000000000	0.0000000000000	0.0000000000000	0.0000000000000	0.0000000000000	0.6520000000000
2.5	0.0724260000000	-0.0000000050910	0.0202510000000	0.0000306270000	0.0010903000000	0.0000000000000	-0.0002372900000	0.0000217390000	-0.0000052533000	0.0000037110000	0.0000325550000	0.0000124580000	0.0000028218000	0.0000000000000	0.0000000000000	0.0000000000000	0.0000000000000	0.0000000000000	0.0000000000000	0.0000000000000	0.0000000000000	0.0000000000000	0.0000000000000	0.0000000000000	0.0000000000000	0.0000000000000	0.0000000000000	0.6630000000000
3.0	0.1230400000000	-0.0000000084340	0.0368740000000	0.0000390720000	0.0014470000000	0.0000000000000	-0.0006033000000	0.0000208730000	-0.0000073596000	0.0000115360000	0.0000745280000	0.0000847300000	0.0000056624000	0.0000000000000	0.0000000000000	0.0000000000000	0.0000000000000	0.0000000000000	0.0000000000000	0.0000000000000	0.0000000000000	0.0000000000000	0.0000000000000	0.0000000000000	0.0000000000000	0.0000000000000	0.0000000000000	0.6940000000000
3.5	0.0822960000000	-0.0000000071590	0.0251230000000	0.0000574730000	0.0018113000000	0.0000000000000	-0.0005549300000	0.0000232360000	-0.0000082651000	0.0000059951000	0.0000333840000	0.0001155400000	0.0000105780000	0.0000000000000	0.0000000000000	0.0000000000000	0.0000000000000	0.0000000000000	0.0000000000000	0.0000000000000	0.0000000000000	0.0000000000000	0.0000000000000	0.0000000000000	0.0000000000000	0.0000000000000	0.0000000000000	0.7660000000000
4.0	0.0690450000000	0.0000000273000	0.0175470000000	0.0006657100000	0.0020839000000	0.0000000000000	-0.0004298200000	0.0000218790000	-0.0000133050000	0.0000028873000	0.0000257510000	0.0001063100000	0.0000123810000	0.0000000000000	0.0000000000000	0.0000000000000	0.0000000000000	0.0000000000000	0.0000000000000	0.0000000000000	0.0000000000000	0.0000000000000	0.0000000000000	0.0000000000000	0.0000000000000	0.0000000000000	0.0000000000000	0.8360000000000
4.5	0.1580100000000	-0.0000000085370	0.0020760000000	0.0007422600000	0.0367030000000	0.0000000000000	-0.0011042000000	0.0000177640000	-0.0000313220000	0.0000016062000	0.0000467770000	0.0003439600000	0.0000192660000	0.0000000000000	0.0000000000000	0.0000000000000	0.0000000000000	0.0000000000000	0.0000000000000	0.0000000000000	0.0000000000000	0.0000000000000	0.0000000000000	0.0000000000000	0.0000000000000	0.0000000000000	0.0000000000000	0.8610000000000
5.0	0.2719100000000	-0.0000000151160	-0.0009016400000	0.0006589900000	0.0538300000000	0.0000000000000	-0.0038190000000	0.0000199800000	-0.0000354330000	0.0000002901100	0.0000681950000	0.0005217100000	0.0000237800000	0.0000000000000	0.0000000000000	0.0000000000000	0.0000000000000	0.0000000000000	0.0000000000000	0.0000000000000	0.0000000000000	0.0000000000000	0.0000000000000	0.0000000000000	0.0000000000000	0.0000000000000	0.0000000000000	0.8860000000000
5.5	0.3056300000000	-0.0000000166850	0.0003195700000	0.0006062700000	0.0461090000000	0.0000000000000	-0.0044756000000	0.0000252250000	-0.0000395300000	0.0000000088320	0.0000583410000	0.0004458700000	0.0000172250000	0.0000000000000	0.0000000000000	0.0000000000000	0.0000000000000	0.0000000000000	0.0000000000000	0.0000000000000	0.0000000000000	0.0000000000000	0.0000000000000	0.0000000000000	0.0000000000000	0.0000000000000	0.0000000000000	0.9070000000000
6.0	0.4047900000000	-0.0000000186630	-0.0016482000000	0.0006537700000	0.0477710000000	0.0000000000000	-0.0077992000000	0.0000268700000	-0.0000434900000	-0.0000004771000	0.0000473250000	0.0004689100000	0.0000147630000	0.0000000000000	0.0000000000000	0.0000000000000	0.0000000000000	0.0000000000000	0.0000000000000	0.0000000000000	0.0000000000000	0.0000000000000	0.0000000000000	0.0000000000000	0.0000000000000	0.0000000000000	0.0000000000000	0.9480000000000
6.5	0.4612000000000	-0.0000000234600	0.0013770000000	0.0005562000000	0.0407700000000	-0.0000080600000	-0.0070980000000	0.0000346700000	-0.0000467400000	-0.0000000775100	0.0000634200000	0.0006009400000	0.0000181800000	0.0000000000000	0.0000000000000	0.0000000000000	0.0000000000000	0.0000000000000	0.0000000000000	0.0000000000000	0.0000000000000	0.0000000000000	0.0000000000000	0.0000000000000	0.0000000000000	0.0000000000000	0.0000000000000	0.9500000000000
7.0	0.5128000000000	-0.0000000251000	-0.0005495000000	0.0004570000000	0.0302100000000	-0.0000088890000	-0.0075020000000	0.0000489000000	-0.0000505100000	-0.0000005950000	0.0000593300000	0.0003859700000	0.0000112400000	0.0000000000000	0.0000000000000	0.0000000000000	0.0000000000000	0.0000000000000	0.0000000000000	0.0000000000000	0.0000000000000	0.0000000000000	0.0000000000000	0.0000000000000	0.0000000000000	0.0000000000000	0.0000000000000	1.0000000000000
7.5	0.5675000000000	-0.0000000199000	-0.0010300000000	0.0004989000000	0.0258100000000	-0.0000095400000	-0.0070340000000	0.0000710000000	-0.0000541800000	-0.0000009912000	0.0000688700000	0.0004355400000	0.0000095980000	0.0000000000000	0.0000000000000	0.0000000000000	0.0000000000000	0.0000000000000	0.0000000000000	0.0000000000000	0.0000000000000	0.0000000000000	0.0000000000000	0.0000000000000	0.0000000000000	0.0000000000000	0.0000000000000	1.0600000000000
8.0	0.6128000000000	0.0000000321000	-0.0016890000000	0.0005109000000	0.0253000000000	-0.0000096060000	-0.0071020000000	0.0000985100000	-0.0000575300000	-0.0000012270000	0.0000562200000	0.0005320400000	0.0000113100000	0.0000000000000	0.0000000000000	0.0000000000000	0.0000000000000	0.0000000000000	0.0000000000000	0.0000000000000	0.0000000000000	0.0000000000000	0.0000000000000	0.0000000000000	0.0000000000000	0.0000000000000	0.0000000000000	1.1400000000000
8.5	0.6640000000000	0.0000001348000	-0.0017510000000	0.0007306000000	0.0325100000000	-0.0000085490000	-0.0057100000000	0.0001243000000	-0.0000594800000	-0.0000013230000	0.0000627600000	0.0006232000000	0.0000122900000	0.0000000000000	0.0000000000000	0.0000000000000	0.0000000000000	0.0000000000000	0.0000000000000	0.0000000000000	0.0000000000000	0.0000000000000	0.0000000000000	0.0000000000000	0.0000000000000	0.0000000000000	0.0000000000000	1.2200000000000
9.0	0.6640000000000	0.0000000000000	0.0000000000000	0.0000000000000	0.0000000000000	0.0000000000000	0.0000000000000	0.0000000000000	0.0000000000000	0.0000000000000	0.0000000000000	0.0000000000000	0.0000000000000	0.0000000000000	0.0000000000000	0.0000000000000	0.0000000000000	0.0000000000000	0.0000000000000	0.0000000000000	0.0000000000000	0.0000000000000	0.0000000000000	0.0000000000000	0.0000000000000	0.0000000000000	0.0000000000000	1.3100000000000
13.0	4.1483000000000	0.0000000000240	0.0962080000000	0.0005386500000	0.0258550000000	0.0000214930000	0.3133200000000	0.0004238400000	0.0026185000000	0.0000072381000	0.0012511000000	0.0393140000000	0.0019007000000	0.0689850000000	0.0323900000000	0.0000349000000	0.0043860000000	0.0000004372300	0.0000973940000	0.0000125390000	0.0009971900000	0.0002350800000	0.0803140000000	0.0001722800000	0.0033923000000	0.0000204290000	0.0001279800000	1.6060000000000
15.0	5.0780000000000	0.0000000000000	0.0781750000000	0.0006150300000	0.0338500000000	0.0000306590000	0.2360000000000	0.0003991000000	0.0016442000000	0.0000082840000	0.0009238200000	0.0623580000000	0.0029340000000	0.0981710000000	0.0359360000000	0.0000522980000	0.0035261000000	0.0000005416300	0.0001041000000	0.0000097421000	0.0012046000000	0.0002608800000	0.0815600000000	0.0001132800000	0.0026915000000	0.0000125990000	0.0001108500000	1.5000000000000
18.0	5.5112000000000	0.0000000000280	0.1485900000000	0.0009383400000	0.0365620000000	0.0000385510000	1.2120000000000	0.0004366800000	0.0051226000000	0.0000098111000	0.0015098000000	0.1160300000000	0.0072907000000	0.1745700000000	0.0848670000000	0.0000631660000	0.0133880000000	0.0000007923500	0.0002196400000	0.0000138770000	0.0029987000000	0.0005845600000	0.0849950000000	0.0000987430000	0.0027714000000	0.0000267780000	0.0000732390000	1.9010000000000
20.0	6.9172000000000	0.0000000000030	0.1609400000000	0.0007890600000	0.0414580000000	0.0001124700000	1.0191000000000	0.0004685900000	0.0029767000000	0.0000290990000	0.0095587000000	0.0981380000000	0.0071868000000	0.1012600000000	0.0428640000000	0.0000553270000	0.0053589000000	0.0000007652700	0.0001324000000	0.0000103180000	0.0015404000000	0.0003425000000	0.0845680000000	0.0001612100000	0.0032881000000	0.0000873690000	0.0001628300000	1.6700000000000
25.0	7.1284000000000	0.0000000000000	0.1413100000000	0.0003313000000	0.0420860000000	0.0000837160000	2.5473000000000	0.0004883700000	0.0021829000000	0.0001532000000	0.0162980000000	0.2504500000000	0.0201620000000	0.2223400000000	0.1002500000000	0.0001513200000	0.0107420000000	0.0000018898000	0.0001746800000	0.0000132070000	0.0023484000000	0.0002825000000	0.0823300000000	0.0002960600000	0.0029137000000	0.0002943800000	0.0005366400000	1.7340000000000
30.0	8.1093000000000	0.0000000000010	0.2111000000000	0.0010195000000	0.0554760000000	0.0000056590000	4.1112000000000	0.0007953300000	0.0026860000000	0.0000099557000	0.0229560000000	0.2387500000000	0.0242770000000	0.3408500000000	0.1578600000000	0.0001297800000	0.0215490000000	0.0000017319000	0.0002838100000	0.0000209920000	0.0041088000000	0.0008815500000	0.0917960000000	0.0003054000000	0.0019016000000	0.0001117200000	0.0001774800000	2.3620000000000
40.0	6.6474000000000	0.0000000000030	0.5175200000000	0.0003949800000	0.0398000000000	0.0000053118000	7.6908000000000	0.0005090300000	0.0057790000000	0.0000028578000	0.0482830000000	0.4268200000000	0.0530440000000	0.4165500000000	0.1788000000000	0.0001329500000	0.0228640000000	0.0000035816000	0.0003201200000	0.0000223380000	0.0043535000000	0.0008336100000	0.0871770000000	0.0004078400000	0.0036842000000	0.0007166000000	0.0016495000000	2.5520000000000
50.0	6.6474000000000	0.0000000000030	0.5175200000000	0.0003949800000	0.0398000000000	0.0000053118000	7.6908000000000	0.0005090300000	0.0057790000000	0.0000028578000	0.0482830000000	0.4268200000000	0.0530440000000	0.4165500000000	0.1788000000000	0.0001329500000	0.0228640000000	0.0000035816000	0.0003201200000	0.0000223380000	0.0043535000000	0.0008336100000	0.0871770000000	0.0004078400000	0.0036842000000	0.0007166000000	0.0016495000000	2.5520000000000
60.0	6.6474000000000	0.0000000000030	0.5175200000000	0.0003949800000	0.0398000000000	0.0000053118000	7.6908000000000	0.0005090300000	0.0057790000000	0.0000028578000	0.0482830000000	0.4268200000000	0.0530440000000	0.4165500000000	0.1788000000000	0.0001329500000	0.0228640000000	0.0000035816000	0.0003201200000	0.0000223380000	0.0043535000000	0.0008336100000	0.0871770000000	0.0004078400000	0.0036842000000	0.0007166000000	0.0016495000000	2.5520000000000
70.0	6.6474000000000	0.0000000000030	0.5175200000000	0.0003949800000	0.0398000000000	0.0000053118000	7.6908000000000	0.0005090300000	0.0057790000000	0.0000028578000	0.0482830000000	0.4268200000000	0.0530440000000	0.4165500000000	0.1788000000000	0.0001329500000	0.0228640000000	0.0000035816000	0.0003201200000	0.0000223380000	0.0043535000000	0.0008336100000	0.0871770000000	0.0004078400000	0.0036842000000	0.0007166000000	0.0016495000000	2.5520000000000
80.0	6.6474000000000	0.0000000000030	0.5175200000000	0.0003949800000	0.0398000000000	0.0000053118000	7.6908000000000	0.0005090300000	0.0057790000000	0.0000028578000	0.0482830000000	0.4268200000000	0.0530440000000	0.4165500000000	0.1788000000000	0.0001329500000	0.0228640000000	0.0000035816000	0.0003201200000	0.0000223380000	0.0043535000000	0.0008336100000	0.0871770000000	0.0004078400000	0.0036842000000	0.0007166000000	0.0016495000000	2.5520000000000
90.0	6.6474000000000	0.0000000000030	0.5175200000000	0.0003949800000	0.0398000000000	0.0000053118000	7.6908000000000	0.0005090300000	0.0057790000000	0.0000028578000	0.0482830000000	0.4268200000000	0.0530440000000	0.4165500000000	0.1788000000000	0.0001329500000	0.0228640000000	0.0000035816000	0.0003201200000	0.0000223380000	0.0043535000000	0.0008336100000	0.0871770000000	0.0004078400000	0.0036842000000	0.0007166000000	0.0016495000000	2.5520000000000
100.0	6.6474000000000	0.0000000000030	0.5175200000000	0.0003949800000	0.0398000000000	0.0000053118000	7.6908000000000	0.0005090300000	0.0057790000000	0.0000028578000	0.0482830000000	0.4268200000000	0.0530440000000	0.4165500000000	0.1788000000000	0.0001329500000	0.0228640000000	0.0000035816000	0.0003201200000	0.0000223380000	0.0043535000000	0.0008336100000	0.0871770000000	0.0004078400000	0.0036842000000	0.0007166000000	0.0016495000000	2.5520000000000
<0.02	He	Li	C	C_13	N	N_15	O	O_17	O_18	F	Na	Mg	Al	Si	S	K	Ca	Sc	Ti	V	Cr	Mn	Fe	Co	Ni	Cu	Zn	rem
0.5	0.0000000000000	0.0000000000000	0.0000000000000	0.0000000000000	0.0000000000000	0.0000000000000	0.0000000000000	0.0000000000000	0.0000000000000	0.0000000000000	0.0000000000000	0.0000000000000	0.0000000000000	0.0000000000000	0.0000000000000	0.0000000000000	0.0000000000000	0.0000000000000	0.0000000000000	0.0000000000000	0.0000000000000	0.0000000000000	0.0000000000000	0.0000000000000	0.0000000000000	0.0000000000000	0.0000000000000	0.5000000000000
1.0	0.0079400000000	-0.0000000016680	-0.0001751200000	0.0000247870000	0.0001797100000	0.0000000000000	-0.0000018226000	0.0000003224600	-0.0000004239000	0.0000000001840	0.0000001383600	-0.0000000014570	0.0000000001110	0.0000000000000	0.0000000000000	0.0000000000000	0.0000000000000	0.0000000000000	0.0000000000000	0.0000000000000	0.0000000000000	0.0000000000000	0.0000000000000	0.0000000000000	0.0000000000000	0.0000000000000	0.0000000000000	0.5640000000000
1.3	0.0119980000000	-0.0000000055600	-0.0004630100000	0.0000390240000	0.0005034000000	0.0000000000000	-0.0000039991000	0.0000009265500	-0.0000018372000	0.0000000012490	0.0000003708700	0.0000000029540	0.0000000002660	0.0000000000000	0.0000000000000	0.0000000000000	0.0000000000000	0.0000000000000	0.0000000000000	0.0000000000000	0.0000000000000	0.0000000000000	0.0000000000000	0.0000000000000	0.0000000000000	0.0000000000000	0.0000000000000	0.5740000000000
1.5	0.0123940000000	-0.0000000053510	-0.0008009200000	0.0000549150000	0.0008831300000	0.0000000000000	-0.0000072001000	0.0000035449000	-0.0000036016000	0.0000000021670	0.0000015732000	-0.0000000000170	0.0000000000650	0.0000000000000	0.0000000000000	0.0000000000000	0.0000000000000	0.0000000000000	0.0000000000000	0.0000000000000	0.0000000000000	0.0000000000000	0.0000000000000	0.0000000000000	0.0000000000000	0.0000000000000	0.0000000000000	0.6000000000000
1.8	0.0113270000000	-0.0000000072590	-0.0011244000000	0.0000613530000	0.0012521000000	0.0000000000000	-0.0000087377000	0.0000092517000	-0.0000054179000	0.0000000025810	0.0000042410000	0.0000000030520	-0.0000000002550	0.0000000000000	0.0000000000000	0.0000000000000	0.0000000000000	0.0000000000000	0.0000000000000	0.0000000000000	0.0000000000000	0.0000000000000	0.0000000000000	0.0000000000000	0.0000000000000	0.0000000000000	0.0000000000000	0.6150000000000
1.9	0.0103270000000	-0.0000000113170	-0.0012645000000	0.0000698540000	0.0014077000000	0.0000000000000	-0.0000143190000	0.0000148350000	-0.0000062375000	0.0000000016310	0.0000065858000	0.0000000015180	0.0000000000580	0.0000000000000	0.0000000000000	0.0000000000000	0.0000000000000	0.0000000000000	0.0000000000000	0.0000000000000	0.0000000000000	0.0000000000000	0.0000000000000	0.0000000000000	0.0000000000000	0.0000000000000	0.0000000000000	0.6300000000000
2.1	0.0111510000000	-0.0000000111900	-0.0009944500000	0.0000768260000	0.0016774000000	0.0000000000000	-0.0001128900000	0.0000295430000	-0.0000074955000	0.0000000375280	0.0000105860000	0.0000000381770	0.0000001068100	0.0000000000000	0.0000000000000	0.0000000000000	0.0000000000000	0.0000000000000	0.0000000000000	0.0000000000000	0.0000000000000	0.0000000000000	0.0000000000000	0.0000000000000	0.0000000000000	0.0000000000000	0.0000000000000	0.6480000000000
2.3	0.0133970000000	-0.0000000103990	-0.0006287900000	0.0000811360000	0.0019175000000	0.0000000000000	-0.0002051400000	0.0000452270000	-0.0000082290000	0.0000000926320	0.0000143670000	0.0000000766210	0.0000002658300	0.0000000000000	0.0000000000000	0.0000000000000	0.0000000000000	0.0000000000000	0.0000000000000	0.0000000000000	0.0000000000000	0.0000000000000	0.0000000000000	0.0000000000000	0.0000000000000	0.0000000000000	0.0000000000000	0.6600000000000
2.5	0.0236600000000	-0.0000000122720	0.0038213000000	0.0000902920000	0.0022937000000	0.0000000000000	-0.0004349700000	0.0000432240000	-0.0000098940000	0.0000007608900	0.0000235100000	0.0000010657000	0.0000012329000	0.0000000000000	0.0000000000000	0.0000000000000	0.0000000000000	0.0000000000000	0.0000000000000	0.0000000000000	0.0000000000000	0.0000000000000	0.0000000000000	0.0000000000000	0.0000000000000	0.0000000000000	0.0000000000000	0.6630000000000
3.0	0.0514880000000	-0.0000000162830	0.0136970000000	0.0001097100000	0.0030930000000	0.0000000000000	-0.0011239000000	0.0000467730000	-0.0000136800000	0.0000033875000	0.0000508710000	0.0000126340000	0.0000037590000	0.0000000000000	0.0000000000000	0.0000000000000	0.0000000000000	0.0000000000000	0.0000000000000	0.0000000000000	0.0000000000000	0.0000000000000	0.0000000000000	0.0000000000000	0.0000000000000	0.0000000000000	0.0000000000000	0.6820000000000
3.5	0.0694450000000	-0.0000000258080	0.0187870000000	0.0001381100000	0.0040336000000	0.0000000000000	-0.0016942000000	0.0000486690000	-0.0000177570000	0.0000056402000	0.0000653430000	0.0000452420000	0.0000060007000	0.0000000000000	0.0000000000000	0.0000000000000	0.0000000000000	0.0000000000000	0.0000000000000	0.0000000000000	0.0000000000000	0.0000000000000	0.0000000000000	0.0000000000000	0.0000000000000	0.0000000000000	0.0000000000000	0.7180000000000
4.0	0.0488700000000	-0.0000000297420	0.0092211000000	0.0001728700000	0.0050833000000	0.0000000000000	-0.0016855000000	0.0000478930000	-0.0000201650000	0.0000022544000	0.0000551440000	0.0000423230000	0.0000062844000	0.0000000000000	0.0000000000000	0.0000000000000	0.0000000000000	0.0000000000000	0.0000000000000	0.0000000000000	0.0000000000000	0.0000000000000	0.0000000000000	0.0000000000000	0.0000000000000	0.0000000000000	0.0000000000000	0.7920000000000
4.5	0.0785230000000	-0.0000000329090	-0.0012293000000	0.0002039300000	0.0065383000000	0.0000000000000	-0.0021860000000	0.0000438240000	-0.0000233520000	0.0000001909900	0.0000602050000	0.0000018612000	0.0000021734000	0.0000000000000	0.0000000000000	0.0000000000000	0.0000000000000	0.0000000000000	0.0000000000000	0.0000000000000	0.0000000000000	0.0000000000000	0.0000000000000	0.0000000000000	0.0000000000000	0.0000000000000	0.0000000000000	0.8520000000000
5.0	0.1675000000000	-0.0000000143600	0.0028671000000	0.0024082000000	0.0118800000000	0.0000000000000	-0.0036451000000	0.0000389510000	-0.0000885060000	0.0000019239000	0.0000900260000	0.0000841990000	0.0000129500000	0.0000000000000	0.0000000000000	0.0000000000000	0.0000000000000	0.0000000000000	0.0000000000000	0.0000000000000	0.0000000000000	0.0000000000000	0.0000000000000	0.0000000000000	0.0000000000000	0.0000000000000	0.0000000000000	0.8790000000000
5.5	0.2513000000000	-0.0000000306620	-0.0064297000000	0.0006004300000	0.0340380000000	0.0000000000000	-0.0059858000000	0.0000657240000	-0.0000991520000	0.0000002674400	0.0001128200000	0.0002284800000	0.0000222820000	0.0000000000000	0.0000000000000	0.0000000000000	0.0000000000000	0.0000000000000	0.0000000000000	0.0000000000000	0.0000000000000	0.0000000000000	0.0000000000000	0.0000000000000	0.0000000000000	0.0000000000000	0.0000000000000	0.9000000000000
6.0	0.3313600000000	-0.0000000384180	-0.0098768000000	0.0005531900000	0.0362140000000	0.0000000000000	-0.0080712000000	0.0000828500000	-0.0001092900000	-0.0000008849800	0.0001322300000	0.0001981300000	0.0000192670000	0.0000000000000	0.0000000000000	0.0000000000000	0.0000000000000	0.0000000000000	0.0000000000000	0.0000000000000	0.0000000000000	0.0000000000000	0.0000000000000	0.0000000000000	0.0000000000000	0.0000000000000	0.0000000000000	0.9290000000000
6.5	0.4024800000000	-0.0000000222530	-0.0097679000000	0.0005506900000	0.0363920000000	-0.0000119150000	-0.0089376000000	0.0000918750000	-0.0001185400000	-0.0000007609400	0.0001669200000	0.0003006500000	0.0000215890000	0.0000000000000	0.0000000000000	0.0000000000000	0.0000000000000	0.0000000000000	0.0000000000000	0.0000000000000	0.0000000000000	0.0000000000000	0.0000000000000	0.0000000000000	0.0000000000000	0.0000000000000	0.0000000000000	0.9495000000000
7.0	0.4736000000000	-0.0000000060880	-0.0096590000000	0.0005482000000	0.0365700000000	-0.0000238300000	-0.0098040000000	0.0001009000000	-0.0001278000000	-0.0000006369000	0.0002016000000	0.0004031800000	0.0000239100000	0.0000000000000	0.0000000000000	0.0000000000000	0.0000000000000	0.0000000000000	0.0000000000000	0.0000000000000	0.0000000000000	0.0000000000000	0.0000000000000	0.0000000000000	0.0000000000000	0.0000000000000	0.0000000000000	0.9700000000000
7.5	0.5492000000000	0.0000000114000	-0.0099280000000	0.0006315000000	0.0384000000000	-0.0000255700000	-0.0113900000000	0.0001256000000	-0.0001376000000	-0.0000010870000	0.0002303000000	0.0004619200000	0.0000186000000	0.0000000000000	0.0000000000000	0.0000000000000	0.0000000000000	0.0000000000000	0.0000000000000	0.0000000000000	0.0000000000000	0.0000000000000	0.0000000000000	0.0000000000000	0.0000000000000	0.0000000000000	0.0000000000000	1.0100000000000
8.0	0.6172000000000	0.0000000380400	-0.0115000000000	0.0007828000000	0.0424500000000	-0.0000269600000	-0.0131900000000	0.0001726000000	-0.0001467000000	-0.0000021180000	0.0002499000000	0.0008508500000	0.0000161600000	0.0000000000000	0.0000000000000	0.0000000000000	0.0000000000000	0.0000000000000	0.0000000000000	0.0000000000000	0.0000000000000	0.0000000000000	0.0000000000000	0.0000000000000	0.0000000000000	0.0000000000000	0.0000000000000	1.0700000000000
8.5	0.6728000000000	0.0000000892000	-0.0122600000000	0.0009419000000	0.0459800000000	-0.0000277300000	-0.0146600000000	0.0002410000000	-0.0001542000000	-0.0000028820000	0.0002549000000	0.0011836000000	0.0000155700000	0.0000000000000	0.0000000000000	0.0000000000000	0.0000000000000	0.0000000000000	0.0000000000000	0.0000000000000	0.0000000000000	0.0000000000000	0.0000000000000	0.0000000000000	0.0000000000000	0.0000000000000	0.0000000000000	1.1500000000000
9.0	0.7291000000000	0.0000001927000	-0.0147400000000	0.0011680000000	0.0540200000000	-0.0000261400000	-0.0144600000000	0.0003005000000	-0.0001584000000	-0.0000031660000	0.0002649000000	0.0011638000000	0.0000148400000	0.0000000000000	0.0000000000000	0.0000000000000	0.0000000000000	0.0000000000000	0.0000000000000	0.0000000000000	0.0000000000000	0.0000000000000	0.0000000000000	0.0000000000000	0.0000000000000	0.0000000000000	0.0000000000000	1.2300000000000
13.0	4.2978000000000	0.0000000000560	0.1072800000000	0.0010017000000	0.0480310000000	0.0000408660000	0.2181500000000	0.0008684300000	0.0035013000000	0.0000141930000	0.0009251000000	0.0299100000000	0.0014966000000	0.0778840000000	0.0391510000000	0.0000549990000	0.0049770000000	0.0000007292200	0.0000987440000	0.0000118030000	0.0007396200000	0.0002809700000	0.0874300000000	0.0001408900000	0.0046992000000	0.0000285270000	0.0001320400000	1.6000000000000
15.0	5.2495000000000	0.0000000000010	0.0650660000000	0.0011515000000	0.0614890000000	0.0000596900000	0.1616500000000	0.0008122000000	0.0025381000000	0.0000164140000	0.0010625000000	0.0410930000000	0.0024420000000	0.0887740000000	0.0364740000000	0.0000758750000	0.0040708000000	0.0000009299900	0.0001267200000	0.0000099814000	0.0014076000000	0.0003800300000	0.0897010000000	0.0000900010000	0.0033234000000	0.0000201600000	0.0000953710000	1.5000000000000
18.0	6.1136000000000	0.0000000000000	0.1361000000000	0.0013820000000	0.0661020000000	0.0000152690000	0.7703000000000	0.0008758700000	0.0117430000000	0.0000044733000	0.0029313000000	0.1156200000000	0.0100240000000	0.1147600000000	0.0394760000000	0.0000846220000	0.0046227000000	0.0000012607000	0.0001571100000	0.0000114700000	0.0014283000000	0.0004048000000	0.0929760000000	0.0001819700000	0.0054267000000	0.0000266670000	0.0000933060000	1.5800000000000
20.0	6.7630000000000	0.0000000000040	0.2449400000000	0.0014462000000	0.0719070000000	0.0002243500000	1.0528000000000	0.0009507800000	0.0052196000000	0.0000604780000	0.0168160000000	0.0948540000000	0.0099015000000	0.0677250000000	0.0300100000000	0.0000830390000	0.0038177000000	0.0000012999000	0.0001420600000	0.0000133500000	0.0012052000000	0.0003599700000	0.0937120000000	0.0002922600000	0.0050507000000	0.0001715700000	0.0002570800000	1.5500000000000
25.0	5.3453000000000	0.0000000000000	0.1532200000000	0.0002636900000	0.0561000000000	0.0000684480000	3.0055000000000	0.0009858400000	0.0039481000000	0.0002433500000	0.0295820000000	0.2568600000000	0.0319690000000	0.3548900000000	0.1856300000000	0.0003119400000	0.0199130000000	0.0000036873000	0.0002636800000	0.0000120460000	0.0036753000000	0.0003472700000	0.0889530000000	0.0004005700000	0.0033102000000	0.0005850800000	0.0009460600000	1.8040000000000
30.0	8.3592000000000	0.0000000000000	0.2501800000000	0.0019190000000	0.1023100000000	0.0000065549000	3.2162000000000	0.0016879000000	0.0061792000000	0.0000078086000	0.0346860000000	0.2472400000000	0.0340950000000	0.2582100000000	0.1125800000000	0.0001487900000	0.0157720000000	0.0000025750000	0.0003091300000	0.0000252920000	0.0041648000000	0.0010403000000	0.1038900000000	0.0005392900000	0.0025623000000	0.0000985780000	0.0000498920000	2.1000000000000
40.0	4.7061000000000	0.0000000000010	0.5957600000000	0.0004310600000	0.0581050000000	0.0000057164000	7.3334000000000	0.0009721900000	0.0123120000000	0.0000052596000	0.0776380000000	0.4565500000000	0.0829800000000	0.2610800000000	0.1129700000000	0.0001594600000	0.0156700000000	0.0000061470000	0.0003343300000	0.0000226050000	0.0041792000000	0.0008281300000	0.0896730000000	0.0006944800000	0.0058691000000	0.0013345000000	0.0030603000000	2.2100000000000
50.0	4.7061000000000	0.0000000000010	0.5957600000000	0.0004310600000	0.0581050000000	0.0000057164000	7.3334000000000	0.0009721900000	0.0123120000000	0.0000052596000	0.0776380000000	0.4565500000000	0.0829800000000	0.2610800000000	0.1129700000000	0.0001594600000	0.0156700000000	0.0000061470000	0.0003343300000	0.0000226050000	0.0041792000000	0.0008281300000	0.0896730000000	0.0006944800000	0.0058691000000	0.0013345000000	0.0030603000000	2.2100000000000
60.0	4.7061000000000	0.0000000000010	0.5957600000000	0.0004310600000	0.0581050000000	0.0000057164000	7.3334000000000	0.0009721900000	0.0123120000000	0.0000052596000	0.0776380000000	0.4565500000000	0.0829800000000	0.2610800000000	0.1129700000000	0.0001594600000	0.0156700000000	0.0000061470000	0.0003343300000	0.0000226050000	0.0041792000000	0.0008281300000	0.0896730000000	0.0006944800000	0.0058691000000	0.0013345000000	0.0030603000000	2.2100000000000
70.0	4.7061000000000	0.0000000000010	0.5957600000000	0.0004310600000	0.0581050000000	0.0000057164000	7.3334000000000	0.0009721900000	0.0123120000000	0.0000052596000	0.0776380000000	0.4565500000000	0.0829800000000	0.2610800000000	0.1129700000000	0.0001594600000	0.0156700000000	0.0000061470000	0.0003343300000	0.0000226050000	0.0041792000000	0.0008281300000	0.0896730000000	0.0006944800000	0.0058691000000	0.0013345000000	0.0030603000000	2.2100000000000
80.0	4.7061000000000	0.0000000000010	0.5957600000000	0.0004310600000	0.0581050000000	0.0000057164000	7.3334000000000	0.0009721900000	0.0123120000000	0.0000052596000	0.0776380000000	0.4565500000000	0.0829800000000	0.2610800000000	0.1129700000000	0.0001594600000	0.0156700000000	0.0000061470000	0.0003343300000	0.0000226050000	0.0041792000000	0.0008281300000	0.0896730000000	0.0006944800000	0.0058691000000	0.0013345000000	0.0030603000000	2.2100000000000
90.0	4.7061000000000	0.0000000000010	0.5957600000000	0.0004310600000	0.0581050000000	0.0000057164000	7.3334000000000	0.0009721900000	0.0123120000000	0.0000052596000	0.0776380000000	0.4565500000000	0.0829800000000	0.2610800000000	0.1129700000000	0.0001594600000	0.0156700000000	0.0000061470000	0.0003343300000	0.0000226050000	0.0041792000000	0.0008281300000	0.0896730000000	0.0006944800000	0.0058691000000	0.0013345000000	0.0030603000000	2.2100000000000
100.0	4.7061000000000	0.0000000000010	0.5957600000000	0.0004310600000	0.0581050000000	0.0000057164000	7.3334000000000	0.0009721900000	0.0123120000000	0.0000052596000	0.0776380000000	0.4565500000000	0.0829800000000	0.2610800000000	0.1129700000000	0.0001594600000	0.0156700000000	0.0000061470000	0.0003343300000	0.0000226050000	0.0041792000000	0.0008281300000	0.0896730000000	0.0006944800000	0.0058691000000	0.0013345000000	0.0030603000000	2.2100000000000
<0.05	He	Li	C	C_13	N	N_15	O	O_17	O_18	F	Na	Mg	Al	Si	S	K	Ca	Sc	Ti	V	Cr	Mn	Fe	Co	Ni	Cu	Zn	rem
0.5	0.0000000000000	0.0000000000000	0.0000000000000	0.0000000000000	0.0000000000000	0.0000000000000	0.0000000000000	0.0000000000000	0.0000000000000	0.0000000000000	0.0000000000000	0.0000000000000	0.0000000000000	0.0000000000000	0.0000000000000	0.0000000000000	0.0000000000000	0.0000000000000	0.0000000000000	0.0000000000000	0.0000000000000	0.0000000000000	0.0000000000000	0.0000000000000	0.0000000000000	0.0000000000000	0.0000000000000	0.5000000000000
1.0	0.0079400000000	-0.0000000016680	-0.0001751200000	0.0000247870000	0.0001797100000	0.0000000000000	-0.0000018226000	0.0000003224600	-0.0000004239000	0.0000000001840	0.0000001383600	-0.0000000014570	0.0000000001110	0.0000000000000	0.0000000000000	0.0000000000000	0.0000000000000	0.0000000000000	0.0000000000000	0.0000000000000	0.0000000000000	0.0000000000000	0.0000000000000	0.0000000000000	0.0000000000000	0.0000000000000	0.0000000000000	0.5640000000000
1.3	0.0119980000000	-0.0000000055600	-0.0004630100000	0.0000390240000	0.0005034000000	0.0000000000000	-0.0000039991000	0.0000009265500	-0.0000018372000	0.0000000012490	0.0000003708700	0.0000000029540	0.0000000002660	0.0000000000000	0.0000000000000	0.0000000000000	0.0000000000000	0.0000000000000	0.0000000000000	0.0000000000000	0.0000000000000	0.0000000000000	0.0000000000000	0.0000000000000	0.0000000000000	0.0000000000000	0.0000000000000	0.5740000000000
1.5	0.0123940000000	-0.0000000053510	-0.0008009200000	0.0000549150000	0.0008831300000	0.0000000000000	-0.0000072001000	0.0000035449000	-0.0000036016000	0.0000000021670	0.0000015732000	-0.0000000000170	0.0000000000650	0.0000000000000	0.0000000000000	0.0000000000000	0.0000000000000	0.0000000000000	0.0000000000000	0.0000000000000	0.0000000000000	0.0000000000000	0.0000000000000	0.0000000000000	0.0000000000000	0.0000000000000	0.0000000000000	0.6000000000000
1.8	0.0113270000000	-0.0000000072590	-0.0011244000000	0.0000613530000	0.0012521000000	0.0000000000000	-0.0000087377000	0.0000092517000	-0.0000054179000	0.0000000025810	0.0000042410000	0.0000000030520	-0.0000000002550	0.0000000000000	0.0000000000000	0.0000000000000	0.0000000000000	0.0000000000000	0.0000000000000	0.0000000000000	0.0000000000000	0.0000000000000	0.0000000000000	0.0000000000000	0.0000000000000	0.0000000000000	0.0000000000000	0.6150000000000
1.9	0.0103270000000	-0.0000000113170	-0.0012645000000	0.0000698540000	0.0014077000000	0.0000000000000	-0.0000143190000	0.0000148350000	-0.0000062375000	0.0000000016310	0.0000065858000	0.0000000015180	0.0000000000580	0.0000000000000	0.0000000000000	0.0000000000000	0.0000000000000	0.0000000000000	0.0000000000000	0.0000000000000	0.0000000000000	0.0000000000000	0.0000000000000	0.0000000000000	0.0000000000000	0.0000000000000	0.0000000000000	0.6300000000000
2.1	0.0111510000000	-0.0000000111900	-0.0009944500000	0.0000768260000	0.0016774000000	0.0000000000000	-0.0001128900000	0.0000295430000	-0.0000074955000	0.0000000375280	0.0000105860000	0.0000000381770	0.0000001068100	0.0000000000000	0.0000000000000	0.0000000000000	0.0000000000000	0.0000000000000	0.0000000000000	0.0000000000000	0.0000000000000	0.0000000000000	0.0000000000000	0.0000000000000	0.0000000000000	0.0000000000000	0.0000000000000	0.6480000000000
2.3	0.0133970000000	-0.0000000103990	-0.0006287900000	0.0000811360000	0.0019175000000	0.0000000000000	-0.0002051400000	0.0000452270000	-0.0000082290000	0.0000000926320	0.0000143670000	0.0000000766210	0.0000002658300	0.0000000000000	0.0000000000000	0.0000000000000	0.0000000000000	0.0000000000000	0.0000000000000	0.0000000000000	0.0000000000000	0.0000000000000	0.0000000000000	0.0000000000000	0.0000000000000	0.0000000000000	0.0000000000000	0.6600000000000
2.5	0.0236600000000	-0.0000000122720	0.0038213000000	0.0000902920000	0.0022937000000	0.0000000000000	-0.0004349700000	0.0000432240000	-0.0000098940000	0.0000007608900	0.0000235100000	0.0000010657000	0.0000012329000	0.0000000000000	0.0000000000000	0.0000000000000	0.0000000000000	0.0000000000000	0.0000000000000	0.0000000000000	0.0000000000000	0.0000000000000	0.0000000000000	0.0000000000000	0.0000000000000	0.0000000000000	0.0000000000000	0.6630000000000
3.0	0.0514880000000	-0.0000000162830	0.0136970000000	0.0001097100000	0.0030930000000	0.0000000000000	-0.0011239000000	0.0000467730000	-0.0000136800000	0.0000033875000	0.0000508710000	0.0000126340000	0.0000037590000	0.0000000000000	0.0000000000000	0.0000000000000	0.0000000000000	0.0000000000000	0.0000000000000	0.0000000000000	0.0000000000000	0.0000000000000	0.0000000000000	0.0000000000000	0.0000000000000	0.0000000000000	0.0000000000000	0.6820000000000
3.5	0.0694450000000	-0.0000000258080	0.0187870000000	0.0001381100000	0.0040336000000	0.0000000000000	-0.0016942000000	0.0000486690000	-0.0000177570000	0.0000056402000	0.0000653430000	0.0000452420000	0.0000060007000	0.0000000000000	0.0000000000000	0.0000000000000	0.0000000000000	0.0000000000000	0.0000000000000	0.0000000000000	0.0000000000000	0.0000000000000	0.0000000000000	0.0000000000000	0.0000000000000	0.0000000000000	0.0000000000000	0.7180000000000
4.0	0.0488700000000	-0.0000000297420	0.0092211000000	0.0001728700000	0.0050833000000	0.0000000000000	-0.0016855000000	0.0000478930000	-0.0000201650000	0.0000022544000	0.0000551440000	0.0000423230000	0.0000062844000	0.0000000000000	0.0000000000000	0.0000000000000	0.0000000000000	0.0000000000000	0.0000000000000	0.0000000000000	0.0000000000000	0.0000000000000	0.0000000000000	0.0000000000000	0.0000000000000	0.0000000000000	0.0000000000000	0.7920000000000
4.5	0.0785230000000	-0.0000000329090	-0.0012293000000	0.0002039300000	0.0065383000000	0.0000000000000	-0.0021860000000	0.0000438240000	-0.0000233520000	0.0000001909900	0.0000602050000	0.0000018612000	0.0000021734000	0.0000000000000	0.0000000000000	0.0000000000000	0.0000000000000	0.0000000000000	0.0000000000000	0.0000000000000	0.0000000000000	0.0000000000000	0.0000000000000	0.0000000000000	0.0000000000000	0.0000000000000	0.0000000000000	0.8520000000000
5.0	0.1675000000000	-0.0000000143600	0.0028671000000	0.0024082000000	0.0118800000000	0.0000000000000	-0.0036451000000	0.0000389510000	-0.0000885060000	0.0000019239000	0.0000900260000	0.0000841990000	0.0000129500000	0.0000000000000	0.0000000000000	0.0000000000000	0.0000000000000	0.0000000000000	0.0000000000000	0.0000000000000	0.0000000000000	0.0000000000000	0.0000000000000	0.0000000000000	0.0000000000000	0.0000000000000	0.0000000000000	0.8790000000000
5.5	0.2513000000000	-0.0000000306620	-0.0064297000000	0.0006004300000	0.0340380000000	0.0000000000000	-0.0059858000000	0.0000657240000	-0.0000991520000	0.0000002674400	0.0001128200000	0.0002284800000	0.0000222820000	0.0000000000000	0.0000000000000	0.0000000000000	0.0000000000000	0.0000000000000	0.0000000000000	0.0000000000000	0.0000000000000	0.0000000000000	0.0000000000000	0.0000000000000	0.0000000000000	0.0000000000000	0.0000000000000	0.9000000000000
6.0	0.3313600000000	-0.0000000384180	-0.0098768000000	0.0005531900000	0.0362140000000	0.0000000000000	-0.0080712000000	0.0000828500000	-0.0001092900000	-0.0000008849800	0.0001322300000	0.0001981300000	0.0000192670000	0.0000000000000	0.0000000000000	0.0000000000000	0.0000000000000	0.0000000000000	0.0000000000000	0.0000000000000	0.0000000000000	0.0000000000000	0.0000000000000	0.0000000000000	0.0000000000000	0.0000000000000	0.0000000000000	0.9290000000000
6.5	0.4024800000000	-0.0000000222530	-0.0097679000000	0.0005506900000	0.0363920000000	-0.0000119150000	-0.0089376000000	0.0000918750000	-0.0001185400000	-0.0000007609400	0.0001669200000	0.0003006500000	0.0000215890000	0.0000000000000	0.0000000000000	0.0000000000000	0.0000000000000	0.0000000000000	0.0000000000000	0.0000000000000	0.0000000000000	0.0000000000000	0.0000000000000	0.0000000000000	0.0000000000000	0.0000000000000	0.0000000000000	0.9495000000000
7.0	0.4736000000000	-0.0000000060880	-0.0096590000000	0.0005482000000	0.0365700000000	-0.0000238300000	-0.0098040000000	0.0001009000000	-0.0001278000000	-0.0000006369000	0.0002016000000	0.0004031800000	0.0000239100000	0.0000000000000	0.0000000000000	0.0000000000000	0.0000000000000	0.0000000000000	0.0000000000000	0.0000000000000	0.0000000000000	0.0000000000000	0.0000000000000	0.0000000000000	0.0000000000000	0.0000000000000	0.0000000000000	0.9700000000000
7.5	0.5492000000000	0.0000000114000	-0.0099280000000	0.0006315000000	0.0384000000000	-0.0000255700000	-0.0113900000000	0.0001256000000	-0.0001376000000	-0.0000010870000	0.0002303000000	0.0004619200000	0.0000186000000	0.0000000000000	0.0000000000000	0.0000000000000	0.0000000000000	0.0000000000000	0.0000000000000	0.0000000000000	0.0000000000000	0.0000000000000	0.0000000000000	0.0000000000000	0.0000000000000	0.0000000000000	0.0000000000000	1.0100000000000
8.0	0.6172000000000	0.0000000380400	-0.0115000000000	0.0007828000000	0.0424500000000	-0.0000269600000	-0.0131900000000	0.0001726000000	-0.0001467000000	-0.0000021180000	0.0002499000000	0.0008508500000	0.0000161600000	0.0000000000000	0.0000000000000	0.0000000000000	0.0000000000000	0.0000000000000	0.0000000000000	0.0000000000000	0.0000000000000	0.0000000000000	0.0000000000000	0.0000000000000	0.0000000000000	0.0000000000000	0.0000000000000	1.0700000000000
8.5	0.6728000000000	0.0000000892000	-0.0122600000000	0.0009419000000	0.0459800000000	-0.0000277300000	-0.0146600000000	0.0002410000000	-0.0001542000000	-0.0000028820000	0.0002549000000	0.0011836000000	0.0000155700000	0.0000000000000	0.0000000000000	0.0000000000000	0.0000000000000	0.0000000000000	0.0000000000000	0.0000000000000	0.0000000000000	0.0000000000000	0.0000000000000	0.0000000000000	0.0000000000000	0.0000000000000	0.0000000000000	1.1500000000000
9.0	0.7291000000000	0.0000001927000	-0.0147400000000	0.0011680000000	0.0540200000000	-0.0000261400000	-0.0144600000000	0.0003005000000	-0.0001584000000	-0.0000031660000	0.0002649000000	0.0011638000000	0.0000148400000	0.0000000000000	0.0000000000000	0.0000000000000	0.0000000000000	0.0000000000000	0.0000000000000	0.0000000000000	0.0000000000000	0.0000000000000	0.0000000000000	0.0000000000000	0.0000000000000	0.0000000000000	0.0000000000000	1.2300000000000
13.0	4.6931000000000	0.0000000000040	0.1152100000000	0.0025381000000	0.1050700000000	0.0001007300000	0.3559400000000	0.0032654000000	0.0130340000000	0.0000331090000	0.0019230000000	0.0407120000000	0.0034862000000	0.0833530000000	0.0374520000000	0.0001244900000	0.0048666000000	0.0000019452000	0.0001747300000	0.0000203320000	0.0013272000000	0.0005129900000	0.1072600000000	0.0002604600000	0.0061544000000	0.0000547950000	0.0001944100000	1.5400000000000
15.0	5.2285000000000	0.0000000117320	0.0923800000000	0.0008829200000	0.1592600000000	0.0000297430000	0.7272200000000	0.0038326000000	0.0137260000000	0.0000126290000	0.0024753000000	0.1002500000000	0.0115470000000	0.1447800000000	0.0469490000000	0.0001553300000	0.0052550000000	0.0000036566000	0.0001967000000	0.0000206250000	0.0017631000000	0.0008375200000	0.1151700000000	0.0002972000000	0.0074544000000	0.0001490100000	0.0002960700000	1.6200000000000
18.0	5.7247000000000	0.0000000000010	0.2158700000000	0.0032449000000	0.1200900000000	0.0000371520000	1.5312000000000	0.0043085000000	0.0328810000000	0.0000132760000	0.0356310000000	0.1899900000000	0.0243540000000	0.0565240000000	0.0225570000000	0.0001625300000	0.0029101000000	0.0000038385000	0.0001792600000	0.0000184030000	0.0007342000000	0.0004685000000	0.1158800000000	0.0006695400000	0.0103330000000	0.0006946800000	0.0007656700000	1.4600000000000
20.0	5.9308000000000	0.0000000000190	0.3128100000000	0.0033053000000	0.1281000000000	0.0000100400000	1.9193000000000	0.0045422000000	0.0378840000000	0.0000187750000	0.0419840000000	0.2090900000000	0.0292370000000	0.1318400000000	0.0564560000000	0.0002031700000	0.0068009000000	0.0000048998000	0.0002325700000	0.0000257220000	0.0022510000000	0.0010689000000	0.1213000000000	0.0007938900000	0.0094501000000	0.0009389900000	0.0011231000000	1.6300000000000
25.0	6.0842000000000	0.0000000000240	0.2032500000000	0.0018813000000	0.1363800000000	0.0006120900000	3.0091000000000	0.0046558000000	0.0166250000000	0.0001916400000	0.0413040000000	0.3252800000000	0.0452810000000	0.3412500000000	0.1319200000000	0.0003128500000	0.0113770000000	0.0000075032000	0.0002952300000	0.0000275700000	0.0028260000000	0.0009627200000	0.1208700000000	0.0010164000000	0.0091183000000	0.0014133000000	0.0019625000000	1.8800000000000
30.0	7.6718000000000	0.0000001064500	0.1519300000000	0.0040076000000	0.1887500000000	0.0036936000000	5.5990000000000	0.0088693000000	0.0153770000000	0.0002577700000	0.0080709000000	0.3089500000000	0.0599450000000	0.7685900000000	0.2147500000000	0.0004062200000	0.0159790000000	0.0000143460000	0.0004871400000	0.0000423620000	0.0049212000000	0.0013719000000	0.1375800000000	0.0005303900000	0.0111990000000	0.0006894600000	0.0039059000000	2.3200000000000
40.0	9.1696000000000	0.0000000000010	0.4648100000000	0.0022357000000	0.2923700000000	0.0000450510000	6.8622000000000	0.0140850000000	0.0407350000000	0.0000417420000	0.1233100000000	0.6922400000000	0.1396800000000	0.3464100000000	0.1310800000000	0.0003657400000	0.0160960000000	0.0000203520000	0.0005501300000	0.0000476060000	0.0050421000000	0.0014907000000	0.1421500000000	0.0020275000000	0.0158260000000	0.0034739000000	0.0072154000000	2.2800000000000
50.0	9.1696000000000	0.0000000000010	0.4648100000000	0.0022357000000	0.2923700000000	0.0000450510000	6.8622000000000	0.0140850000000	0.0407350000000	0.0000417420000	0.1233100000000	0.6922400000000	0.1396800000000	0.3464100000000	0.1310800000000	0.0003657400000	0.0160960000000	0.0000203520000	0.0005501300000	0.0000476060000	0.0050421000000	0.0014907000000	0.1421500000000	0.0020275000000	0.0158260000000	0.0034739000000	0.0072154000000	2.2800000000000
60.0	9.1696000000000	0.0000000000010	0.4648100000000	0.0022357000000	0.2923700000000	0.0000450510000	6.8622000000000	0.0140850000000	0.0407350000000	0.0000417420000	0.1233100000000	0.6922400000000	0.1396800000000	0.3464100000000	0.1310800000000	0.0003657400000	0.0160960000000	0.0000203520000	0.0005501300000	0.0000476060000	0.0050421000000	0.0014907000000	0.1421500000000	0.0020275000000	0.0158260000000	0.0034739000000	0.0072154000000	2.2800000000000
70.0	9.1696000000000	0.0000000000010	0.4648100000000	0.0022357000000	0.2923700000000	0.0000450510000	6.8622000000000	0.0140850000000	0.0407350000000	0.0000417420000	0.1233100000000	0.6922400000000	0.1396800000000	0.3464100000000	0.1310800000000	0.0003657400000	0.0160960000000	0.0000203520000	0.0005501300000	0.0000476060000	0.0050421000000	0.0014907000000	0.1421500000000	0.0020275000000	0.0158260000000	0.0034739000000	0.0072154000000	2.2800000000000
80.0	9.1696000000000	0.0000000000010	0.4648100000000	0.0022357000000	0.2923700000000	0.0000450510000	6.8622000000000	0.0140850000000	0.0407350000000	0.0000417420000	0.1233100000000	0.6922400000000	0.1396800000000	0.3464100000000	0.1310800000000	0.0003657400000	0.0160960000000	0.0000203520000	0.0005501300000	0.0000476060000	0.0050421000000	0.0014907000000	0.1421500000000	0.0020275000000	0.0158260000000	0.0034739000000	0.0072154000000	2.2800000000000
90.0	9.1696000000000	0.0000000000010	0.4648100000000	0.0022357000000	0.2923700000000	0.0000450510000	6.8622000000000	0.0140850000000	0.0407350000000	0.0000417420000	0.1233100000000	0.6922400000000	0.1396800000000	0.3464100000000	0.1310800000000	0.0003657400000	0.0160960000000	0.0000203520000	0.0005501300000	0.0000476060000	0.0050421000000	0.0014907000000	0.1421500000000	0.0020275000000	0.0158260000000	0.0034739000000	0.0072154000000	2.2800000000000
100.0	9.1696000000000	0.0000000000010	0.4648100000000	0.0022357000000	0.2923700000000	0.0000450510000	6.8622000000000	0.0140850000000	0.0407350000000	0.0000417420000	0.1233100000000	0.6922400000000	0.1396800000000	0.3464100000000	0.1310800000000	0.0003657400000	0.0160960000000	0.0000203520000	0.0005501300000	0.0000476060000	0.0050421000000	0.0014907000000	0.1421500000000	0.0020275000000	0.0158260000000	0.0034739000000	0.0072154000000	2.2800000000000
